individual_round,individual_epi,sample_epi,round_epi,spp_epi,model_epi,mpa_epi,lfm_notes_epi,fh_epi,ttfg_epi,gti_epi,tti_epi,fd_epi,gd_epi,pfg_epi,ignition_epi,start_temp_epi,temp_max_epi,ignition_temp_epi,prop_new_epi,sample_wt_epi,glow_epi,year_month_epi,year_epi,month_epi,dry_wt_epi,fresh_wt_epi,water_wt_epi,site_epi,lfm_outliers_out_epi,lfm_n_as_imputed_epi,gr_epi,precip_2month_epi,precip_2mo_epi,season_epi,ignition_no_double_epi,hydration_epi,bins5lfm_epi,bins10lfm_epi,bins20lfm_epi,temp_change_epi,gdw_gfw_epi,gww_gdw_epi,gdw_gww_epi,flam_index_epi,max_mpa_sample_epi,lfm_epi,location_epi,dw_flam_sample_epi,individual_hp,sample_hp,round_hp,spp_hp,model_hp,mpa_hp,lfm_notes_hp,fh_hp,ttfg_hp,gti_hp,tti_hp,fd_hp,gd_hp,pfg_hp,ignition_hp,start_temp_hp,temp_max_hp,ignition_temp_hp,prop_new_hp,sample_wt_hp,glow_hp,year_month_hp,year_hp,month_hp,dry_wt_hp,fresh_wt_hp,water_wt_hp,site_hp,lfm_outliers_out_hp,lfm_n_as_imputed_hp,gr_hp,precip_2month_hp,precip_2mo_hp,season_hp,ignition_no_double_hp,hydration_hp,bins5lfm_hp,bins10lfm_hp,bins20lfm_hp,temp_change_hp,gdw_gfw_hp,gww_gdw_hp,gdw_gww_hp,flam_index_hp,max_mpa_sample_hp,lfm_hp,location_hp,dw_flam_sample_hp,ww_flam_sample_epi,ww_flam_sample_hp
2020_October_ARPA_1.1_1,2020_October_ARPA_1.1,1.1,1,ARPA,EPI,-0.072,0,9,19,14,33,6,62,42,1,270,293.8,306.1,NA,0.4985,1,2020_October,2020,October,6.6265,7.0918,0.4653,1,115.8615538,115.8615538,"(110,120]",2020_October,0.61,Dry,1,hydrated,"(115,120]","(110,120]","(100,120]",107.39999999999998,0.9343890126625116,1.158615538,14.241349666881582,14.883890389562056,-0.046,115.8615538,seki,0.2309350559302793,2020_October_ARPA_1.1,1.1,1,ARPA,HP,-0.072,0,39,118,5,50,16,99,78,1,255.4,251.4,229.6,NA,4.9213,1,2020_October,2020,October,6.6265,7.0918,0.4653,1,115.8615538,115.8615538,"(110,120]",2020_October,0.61,Dry,1,hydrated,"(115,120]","(110,120]","(100,120]",-4,0.9343890126625116,1.158615538,14.241349666881582,24.18300911629532,-0.046,115.8615538,seki,2.279840904212003,0.2675649440697207,2.6414590957879964
2020_October_ARPA_1.2_1,2020_October_ARPA_1.2,1.2,1,ARPA,EPI,-0.109,0,17,13,17,30,4,79,56,1,273.9,277.6,251.8,NA,0.5472,1,2020_October,2020,October,7.5641,7.9235,0.3594,1,112.1722846,112.1722846,"(110,120]",2020_October,0.61,Dry,1,hydrated,"(110,115]","(110,120]","(100,120]",3.7000000000000455,0.9546412570202562,1.121722846,21.04646633277685,17.531391995160973,-0.046,112.1722846,seki,0.25790361876510615,2020_October_ARPA_1.2,1.2,1,ARPA,HP,-0.109,0,21,50,0.5,50,33,329,296,1,228.8,286.3,249.7,NA,3.1326,0,2020_October,2020,October,7.5641,7.9235,0.3594,1,112.1722846,112.1722846,"(110,120]",2020_October,0.61,Dry,1,hydrated,"(110,115]","(110,120]","(100,120]",57.5,0.9546412570202562,1.121722846,21.04646633277685,20.802828870250085,-0.046,112.1722846,seki,1.4764416596191,0.2892963812348939,1.6561583403809002
2020_October_ARPA_1.2_2,2020_October_ARPA_1.2,1.2,2,ARPA,EPI,-1.859,0,5,3,17,45,4,117,71,1,263.8,276.8,253.4,NA,0.5848,1,2020_October,2020,October,7.7409,8.2782,0.5373,1,110.7378401,110.7378401,"(110,120]",2020_October,0.61,Dry,1,hydrated,"(110,115]","(110,120]","(100,120]",13,0.9350945857795173,1.107378401,14.407035175879397,12.621337442956984,-0.046,110.7378401,seki,0.27750118332924867,2020_October_ARPA_1.2,1.2,2,ARPA,HP,-1.859,0,21,47,0.5,47,47,138,91,1,212.5,413.5,241.4,NA,5.5904,0,2020_October,2020,October,7.7409,8.2782,0.5373,1,110.7378401,110.7378401,"(110,120]",2020_October,0.61,Dry,1,hydrated,"(110,115]","(110,120]","(100,120]",201,0.9350945857795173,1.107378401,14.407035175879397,21.60339610045547,-0.046,110.7378401,seki,2.652774649938153,0.3072988166707513,2.9376253500618468
2020_October_ARPA_1.3_5,2020_October_ARPA_1.3,1.3,5,ARPA,EPI,-5.558,0,5,12,14,26,9,45,22,1,286.2,369.1,293.5,NA,0.4585,1,2020_October,2020,October,12.6346,13.0247,0.3901,1,75.26529037,75.26529037,"(70,80]",2020_October,0.61,Dry,1,moderate,"(75,80]","(70,80]","(60,80]",82.90000000000003,0.9700492141853556,0.7526529037,32.38810561394514,14.069437753441177,-0.046,75.26529037,seki,0.2616034236054768,2020_October_ARPA_1.3,1.3,5,ARPA,HP,-5.558,0,31,88,29,117,6,329,294,1,243.9,261.2,260.8,NA,3.948,1,2020_October,2020,October,12.6346,13.0247,0.3901,1,75.26529037,75.26529037,"(70,80]",2020_October,0.61,Dry,1,moderate,"(75,80]","(70,80]","(60,80]",17.299999999999983,0.9700492141853556,0.7526529037,32.38810561394514,13.819589127281777,-0.046,75.26529037,seki,2.25258520478609,0.19689657639452324,1.6954147952139098
2020_October_ARPA_1.4_3,2020_October_ARPA_1.4,1.4,3,ARPA,EPI,-3.377,0,10,10,34,44,2,91,55,1,268.5,286.1,276.8,NA,0.5586,1,2020_October,2020,October,7.5363,7.6928,0.1565,1,44.49815183,44.49815183,"(40,50]",2020_October,0.61,Dry,1,dry,"(40,45]","(40,50]","(40,60]",17.600000000000023,0.9796563019966722,0.4449815183,48.155271565495205,14.376484362566044,-0.046,44.49815183,seki,0.38657933885354107,2020_October_ARPA_1.4,1.4,3,ARPA,HP,-3.377,0,26,40,0.5,40,12,45,33,1,254.1,253.3,249.4,NA,2.8179,0,2020_October,2020,October,7.5363,7.6928,0.1565,1,44.49815183,44.49815183,"(40,50]",2020_October,0.61,Dry,1,dry,"(40,45]","(40,50]","(40,60]",-0.799999999999983,0.9796563019966722,0.4449815183,48.155271565495205,25.056802021716333,-0.046,44.49815183,seki,1.9501287485775032,0.17202066114645892,0.8677712514224967
2020_October_ARPA_1.4_3,2020_October_ARPA_1.4,1.4,3,ARPA,EPI,-3.377,0,10,10,34,44,2,91,55,1,268.5,286.1,276.8,NA,0.5586,1,2020_October,2020,October,7.5363,7.6928,0.1565,1,44.49815183,44.49815183,"(40,50]",2020_October,0.61,Dry,1,dry,"(40,45]","(40,50]","(40,60]",17.600000000000023,0.9796563019966722,0.4449815183,48.155271565495205,14.376484362566044,-0.046,44.49815183,seki,0.38657933885354107,2020_October_ARPA_1.4,1.4,3,ARPA,HP,-3.377,0,29,32,0.5,32,20,129,109,1,235.6,263.6,238.5,NA,2.8179,0,2020_October,2020,October,7.5363,7.6928,0.1565,1,44.49815183,44.49815183,"(40,50]",2020_October,0.61,Dry,1,dry,"(40,45]","(40,50]","(40,60]",28.00000000000003,0.9796563019966722,0.4449815183,48.155271565495205,29.401697144999932,-0.046,44.49815183,seki,1.9501287485775032,0.17202066114645892,0.8677712514224967
2020_October_ARPA_1.5_3,2020_October_ARPA_1.5,1.5,3,ARPA,EPI,-3.128,0,13,17,11,28,9,69,49,1,274.2,337.2,268.3,NA,0.4887,1,2020_October,2020,October,7.6145,7.9789,0.3644,1,101.98712570000001,101.98712570000001,"(100,110]",2020_October,0.61,Dry,1,hydrated,"(100,105]","(100,110]","(100,120]",63,0.9543295441727555,1.0198712570000001,20.89599341383095,16.669886042080318,-0.046,101.98712570000001,seki,0.24194611330122018,2020_October_ARPA_1.5,1.5,3,ARPA,HP,-3.128,0,40,51,0.5,50,20,195,175,1,266.9,280.6,262.7,NA,4.2343,0,2020_October,2020,October,7.6145,7.9789,0.3644,1,101.98712570000001,101.98712570000001,"(100,110]",2020_October,0.61,Dry,1,hydrated,"(100,105]","(100,110]","(100,120]",13.700000000000044,0.9543295441727555,1.0198712570000001,20.89599341383095,24.33650022555657,-0.046,101.98712570000001,seki,2.0963217261128637,0.24675388669877985,2.1379782738871365
2020_October_ARPA_1.5_4,2020_October_ARPA_1.5,1.5,4,ARPA,EPI,-1.382,0,7,15,23,38,9,78,46,1,280.2,342.3,278.5,NA,0.6265,1,2020_October,2020,October,7.5942,8.1631,0.5689,1,143.8068756,143.8068756,"(140,150]",2020_October,0.61,Dry,1,hydrated,"(140,145]","(140,150]","(140,160]",62.10000000000002,0.9303083387438595,1.438068756,13.348918966426435,13.788487159066904,-0.046,143.8068756,seki,0.25696568173403883,2020_October_ARPA_1.5,1.5,4,ARPA,HP,-1.382,0,21,51,0.5,51,20,229,157,1,239.1,270.2,246.6,NA,3.4052,0,2020_October,2020,October,7.5942,8.1631,0.5689,1,143.8068756,143.8068756,"(140,150]",2020_October,0.61,Dry,1,hydrated,"(140,145]","(140,150]","(140,160]",31.09999999999999,0.9303083387438595,1.438068756,13.348918966426435,20.552782937456275,-0.046,143.8068756,seki,1.396679232946128,0.3695343182659611,2.008520767053872
2020_October_ARPA_2.1_3,2020_October_ARPA_2.1,2.1,3,ARPA,EPI,-5.948,0,10,11,16,27,3,76,57,1,273.8,307.3,258.5,NA,0.478,1,2020_October,2020,October,7.6266,7.9877,0.3611,2,80.58469092,80.58469092,"(80,90]",2020_October,0.61,Dry,1,moderate,"(80,85]","(80,90]","(80,100]",33.5,0.9547929942286265,0.8058469092,21.120465245084464,15.837159919365124,-0.046,80.58469092,seki,0.264695748883695,2020_October_ARPA_2.1,2.1,3,ARPA,HP,-5.948,0,16,31,0.5,31,29,144,115,1,261.7,284.4,261.6,NA,3.7074,0,2020_October,2020,October,7.6266,7.9877,0.3611,2,80.58469092,80.58469092,"(80,90]",2020_October,0.61,Dry,1,moderate,"(80,85]","(80,90]","(80,100]",22.69999999999999,0.9547929942286265,0.8058469092,21.120465245084464,26.132187701895063,-0.046,80.58469092,seki,2.052997948559437,0.21330425111630497,1.6544020514405626
2020_October_ARPA_2.1_4,2020_October_ARPA_2.1,2.1,4,ARPA,EPI,-1.038,DW may be off-find another written down?,4,21,22,43,2,77,53,1,267.9,287.2,276.8,NA,0.4884,1,2020_October,2020,October,7.6699,8.0808,0.4109,2,84.96691481,84.96691481,"(80,90]",2020_October,0.61,Dry,1,moderate,"(80,85]","(80,90]","(80,100]",19.30000000000001,0.9491510741510741,0.8496691481,18.666098807495743,12.345526016944016,-0.046,84.96691481,seki,0.2640472219054363,2020_October_ARPA_2.1,2.1,4,ARPA,HP,-1.038,DW may be off-find another written down?,26,40,0.5,40,26,132,106,1,264.3,329,268.8,NA,4.3009,0,2020_October,2020,October,7.6699,8.0808,0.4109,2,84.96691481,84.96691481,"(80,90]",2020_October,0.61,Dry,1,moderate,"(80,85]","(80,90]","(80,100]",64.69999999999999,0.9491510741510741,0.8496691481,18.666098807495743,25.056802021716333,-0.046,84.96691481,seki,2.325226651705756,0.22435277809456372,1.9756733482942446
2020_October_ARPA_2.1_5,2020_October_ARPA_2.1,2.1,5,ARPA,EPI,-2.556,0,9.5,18,16,34,1,87,70,1,273.3,268.1,258.4,NA,0.4903,1,2020_October,2020,October,12.3325,12.5355,0.203,2,84.75991649,84.75991649,"(80,90]",2020_October,0.61,Dry,1,moderate,"(80,85]","(80,90]","(80,100]",-5.199999999999989,0.9838059909856008,0.8475991649,60.75123152709359,14.961602012275298,-0.046,84.75991649,seki,0.26537141243324663,2020_October_ARPA_2.1,2.1,5,ARPA,HP,-2.556,0,26,48,0.5,48,16,256,240,1,233,266.1,247.1,NA,2.8463,0,2020_October,2020,October,12.3325,12.5355,0.203,2,84.75991649,84.75991649,"(80,90]",2020_October,0.61,Dry,1,moderate,"(80,85]","(80,90]","(80,100]",33.10000000000002,0.9838059909856008,0.8475991649,60.75123152709359,22.428340717687785,-0.046,84.75991649,seki,1.5405397740337547,0.22492858756675338,1.305760225966245
2020_October_ARPA_2.4_2,2020_October_ARPA_2.4,2.4,2,ARPA,EPI,-4.224,0,2.5,17,21,38,3,80,56,1,276.9,315.9,285.1,NA,0.4581,1,2020_October,2020,October,7.6118,8.0281,0.4163,2,100.3858211,100.3858211,"(100,110]",2020_October,0.61,Dry,1,hydrated,"(100,105]","(100,110]","(100,120]",39,0.9481446419451676,1.003858211,18.28441028104732,12.019686467622734,-0.046,100.3858211,seki,0.22860898914169733,2020_October_ARPA_2.4,2.4,2,ARPA,HP,-4.224,0,20,47,0.5,47,32,40,8,1,219.2,260.1,223.1,NA,4.2035,0,2020_October,2020,October,7.6118,8.0281,0.4163,2,100.3858211,100.3858211,"(100,110]",2020_October,0.61,Dry,1,hydrated,"(100,105]","(100,110]","(100,120]",40.900000000000034,0.9481446419451676,1.003858211,18.28441028104732,21.364825724809524,-0.046,100.3858211,seki,2.0977033090092223,0.22949101085830267,2.1057966909907777
2020_October_ARPA_2.4_4,2020_October_ARPA_2.4,2.4,4,ARPA,EPI,-2.671,0,3.8,15,23,38,2,83,58,1,269.1,297.1,284.5,NA,0.5099,1,2020_October,2020,October,7.7544,8.2378,0.4834,2,90.79639369,90.79639369,"(90,100]",2020_October,0.61,Dry,1,hydrated,"(90,95]","(90,100]","(80,100]",28,0.9413192842749278,0.9079639369,16.041373603640878,12.56647478483079,-0.046,90.79639369,seki,0.2672482378406322,2020_October_ARPA_2.4,2.4,4,ARPA,HP,-2.671,0,36,50,0.5,50,22,192,170,1,259.7,312.7,246,NA,6.1003,1,2020_October,2020,October,7.7544,8.2378,0.4834,2,90.79639369,90.79639369,"(90,100]",2020_October,0.61,Dry,1,hydrated,"(90,95]","(90,100]","(80,100]",53,0.9413192842749278,0.9079639369,16.041373603640878,23.70398704961828,-0.046,90.79639369,seki,3.197282654048261,0.24265176215936785,2.903017345951739
2020_October_ARPA_2.5_4,2020_October_ARPA_2.5,2.5,4,ARPA,EPI,-3.564,0,11,23,20,43,4,115,91,1,266.1,321.8,278.6,NA,0.4812,1,2020_October,2020,October,7.5616,7.8713,0.3097,2,95.08750384,95.08750384,"(90,100]",2020_October,0.61,Dry,1,hydrated,"(95,100]","(90,100]","(80,100]",55.69999999999999,0.9606545297473099,0.9508750384,24.41588634162093,14.742117664731555,-0.046,95.08750384,seki,0.2466585457952518,2020_October_ARPA_2.5,2.5,4,ARPA,HP,-3.564,0,31,53,0.5,53,23,198,175,1,246.1,274.5,245.8,NA,2.5001,0,2020_October,2020,October,7.5616,7.8713,0.3097,2,95.08750384,95.08750384,"(90,100]",2020_October,0.61,Dry,1,hydrated,"(95,100]","(90,100]","(80,100]",28.40000000000001,0.9606545297473099,0.9508750384,24.41588634162093,22.039760312698427,-0.046,95.08750384,seki,1.2815274944777826,0.23454145420474823,1.2185725055222176
2020_October_CECO_1.1_3,2020_October_CECO_1.1,1.1,3,CECO,EPI,-3.827,0,9,5,27,60,6,117,56,1,268.1,367,326.7,NA,0.7787,1,2020_October,2020,October,12.4064,12.5882,0.1818,1,82.1880651,82.1880651,"(80,90]",2020_October,0.61,Dry,1,moderate,"(80,85]","(80,90]","(80,100]",98.89999999999998,0.985557903433374,0.8218806510000001,68.24202420242024,11.626032016933266,-0.046,82.1880651,seki,0.427415483869695,2020_October_CECO_1.1,1.1,3,CECO,HP,-3.827,0,16,562,0.5,562,15,110,95,2,230.7,279.5,247.2,NA,1.8793,0,2020_October,2020,October,12.4064,12.5882,0.1818,1,82.1880651,82.1880651,"(80,90]",2020_October,0.61,Dry,NA,moderate,"(80,85]","(80,90]","(80,100]",48.80000000000001,0.985557903433374,0.8218806510000001,68.24202420242024,13.948662246598667,-0.046,82.1880651,seki,1.0315165260515191,0.3512845161303049,0.8477834739484809
2020_October_CECO_1.1_7,2020_October_CECO_1.1,1.1,7,CECO,EPI,-8.25,0,11,9,19,28,9,169,141,1,268.6,294.9,266.6,NA,0.4911,1,2020_October,2020,October,12.7393,12.9376,0.1983,1,35.65905413,35.65905413,"(30,40]",2020_October,0.61,Dry,1,dry,"(35,40]","(30,40]","(20,40]",26.299999999999955,0.9846725822409103,0.3565905413,64.24256177508825,15.956563746218851,-0.046,35.65905413,seki,0.36201048514564044,2020_October_CECO_1.1,1.1,7,CECO,HP,-8.25,0,15,24,393,417,9,495,84,2,284.8,308.4,279.7,NA,1.0904,1,2020_October,2020,October,12.7393,12.9376,0.1983,1,35.65905413,35.65905413,"(30,40]",2020_October,0.61,Dry,NA,dry,"(35,40]","(30,40]","(20,40]",23.59999999999997,0.9846725822409103,0.3565905413,64.24256177508825,15.878796731756273,-0.046,35.65905413,seki,0.8037797454750689,0.12908951485435954,0.2866202545249311
2020_October_CECO_1.1_9,2020_October_CECO_1.1,1.1,9,CECO,EPI,-6.78,no lfm,14,6,28,34,9,162,125,1,279.5,332.6,268,NA,0.5569,1,2020_October,2020,October,7.6299,7.8567,0.1984,1,NA,57.86986661688685,"(50,60]",2020_October,0.61,Dry,1,dry,"(55,60]","(50,60]","(40,60]",53.10000000000002,0.9711329184008554,0.5786986661688686,38.45715725806452,15.714814878157163,-0.046,57.86986661688685,seki,0.3527588968903519,2020_October_CECO_1.1,1.1,9,CECO,HP,-6.78,Missing lfm and flam weight,19,27,364,391,11,479,104,2,240.8,241.8,236.1,NA,1.2819,1,2020_October,2020,October,7.6299,7.8567,0.1984,1,NA,57.86986661688685,"(50,60]",2020_October,0.61,Dry,NA,dry,"(55,60]","(50,60]","(40,60]",1,0.9711329184008554,0.5786986661688686,38.45715725806452,17.303471617016374,-0.046,57.86986661688685,seki,0.8119978989472834,0.20414110310964806,0.4699021010527167
2020_October_CECO_1.2_1,2020_October_CECO_1.2,1.2,1,CECO,EPI,-0.152,0,4,5,29,34,2,75,44,1,276.1,315.4,278.85,NA,0.3094,1,2020_October,2020,October,7.3915,7.6188,0.2273,1,124.6845858,124.6845858,"(120,130]",2020_October,0.61,Dry,1,hydrated,"(120,125]","(120,130]","(120,140]",43.15000000000002,0.9701659053919252,1.246845858,32.51869775626925,12.298851093941058,-0.046,124.6845858,seki,0.1377041504197392,2020_October_CECO_1.2,1.2,1,CECO,HP,-0.152,0,23,690,0.5,690,4,4,101.5,2,266.9,291.7,291.6,NA,1.6206,0,2020_October,2020,October,7.3915,7.6188,0.2273,1,124.6845858,124.6845858,"(120,130]",2020_October,0.61,Dry,NA,hydrated,"(120,125]","(120,130]","(120,140]",24.80000000000001,0.9701659053919252,1.246845858,32.51869775626925,13.900892441749228,-0.046,124.6845858,seki,0.7212777833556218,0.1716958495802608,0.8993222166443783
2020_October_CECO_1.2_4,2020_October_CECO_1.2,1.2,4,CECO,EPI,-3.229,0,8.5,13,19,32,7,119,93,1,270.6,299.5,279.5,NA,0.5768,1,2020_October,2020,October,12.3428,12.8743,0.5315,1,NA,86.71741609544593,"(80,90]",2020_October,0.61,Dry,1,moderate,"(85,90]","(80,90]","(80,100]",28.899999999999977,0.9587162020459365,0.8671741609544593,23.22257761053622,14.347012273452355,-0.046,86.71741609544593,seki,0.3089160144039012,2020_October_CECO_1.2,1.2,4,CECO,HP,-3.229,0,34,152,257,409,10,408,141,2,277.2,302.9,302.9,NA,3.449,1,2020_October,2020,October,12.3428,12.8743,0.5315,1,NA,86.71741609544593,"(80,90]",2020_October,0.61,Dry,NA,moderate,"(85,90]","(80,90]","(80,100]",25.69999999999999,0.9587162020459365,0.8671741609544593,23.22257761053622,19.46977491081824,-0.046,86.71741609544593,seki,1.84717637600391,0.2678839855960988,1.60182362399609
2020_October_CECO_1.3_3,2020_October_CECO_1.3,1.3,3,CECO,EPI,-2.003,0,7,4,25,29,3,120,92,1,266.1,274.4,239.9,NA,0.5468,1,2020_October,2020,October,12.4299,12.608,0.1781,1,77.26681128,77.26681128,"(70,80]",2020_October,0.61,Dry,1,moderate,"(75,80]","(70,80]","(60,80]",8.299999999999955,0.9858740482233502,0.7726681128,69.79169006176305,14.313439433426364,-0.046,77.26681128,seki,0.30846157611325653,2020_October_CECO_1.3,1.3,3,CECO,HP,-2.003,0,15,94.5,265.5,403,9,417.5,90,2,266.9,264.2,272.1,NA,1.8484,1,2020_October,2020,October,12.4299,12.608,0.1781,1,77.26681128,77.26681128,"(70,80]",2020_October,0.61,Dry,NA,moderate,"(75,80]","(70,80]","(60,80]",-2.6999999999999886,0.9858740482233502,0.7726681128,69.79169006176305,16.162131778743717,-0.046,77.26681128,seki,1.0427219774830714,0.23833842388674342,0.8056780225169287
2020_October_CECO_1.3_5,2020_October_CECO_1.3,1.3,5,CECO,EPI,-4.884,0,4,8,27,35,9,106,70,1,272.7,315.4,258.7,NA,0.4575,1,2020_October,2020,October,7.5218,7.7357,0.2139,1,71.73038229,71.73038229,"(70,80]",2020_October,0.61,Dry,1,moderate,"(70,75]","(70,80]","(60,80]",42.69999999999999,0.9723489794071642,0.7173038228999999,35.16503038803179,12.168012252516151,-0.046,71.73038229,seki,0.2664059754012675,2020_October_CECO_1.3,1.3,5,CECO,HP,-4.884,0,25,2,315,317,17,433,101,2,229.2,245,244.5,NA,2.5169,1,2020_October,2020,October,7.5218,7.7357,0.2139,1,71.73038229,71.73038229,"(70,80]",2020_October,0.61,Dry,NA,moderate,"(70,75]","(70,80]","(60,80]",15.800000000000011,0.9723489794071642,0.7173038228999999,35.16503038803179,20.731031031262464,-0.046,71.73038229,seki,1.465611364999891,0.19109402459873254,1.0512886350001092
2020_October_CECO_1.3_6,2020_October_CECO_1.3,1.3,6,CECO,EPI,-6.513,0,14.5,7,12,19,9,96,75,1,284,381.7,267.5,NA,0.5044,1,2020_October,2020,October,7.5998,7.8373,0.2375,1,59.03554561,59.03554561,"(50,60]",2020_October,0.61,Dry,1,dry,"(55,60]","(50,60]","(40,60]",97.7,0.9696961963941664,0.5903554561,31.999157894736843,19.663160828387714,-0.046,59.03554561,seki,0.3171618005681139,2020_October_CECO_1.3,1.3,6,CECO,HP,-6.513,0,19,94.5,0.5,403,9,417.5,101.5,2,237.9,278.4,276.7,NA,2.473,0,2020_October,2020,October,7.5998,7.8373,0.2375,1,59.03554561,59.03554561,"(50,60]",2020_October,0.61,Dry,NA,dry,"(55,60]","(50,60]","(40,60]",40.49999999999997,0.9696961963941664,0.5903554561,31.999157894736843,17.03106583508556,-0.046,59.03554561,seki,1.5549982807393847,0.18723819943188608,0.9180017192606151
2020_October_CECO_1.3_7,2020_October_CECO_1.3,1.3,7,CECO,EPI,-8,0,7.5,7,24,31,20,149,105,1,280.1,343.4,263.1,NA,0.5655,1,2020_October,2020,October,12.4963,12.6664,0.1701,1,51.81236674,51.81236674,"(50,60]",2020_October,0.61,Dry,1,dry,"(50,55]","(50,60]","(40,60]",63.299999999999955,0.9865707699109455,0.5181236674,73.4644326866549,14.151527316484216,-0.046,51.81236674,seki,0.37249929774726337,2020_October_CECO_1.3,1.3,7,CECO,HP,-8,0,16.3,210,179,389,8,292,105,2,231.8,258,234.8,NA,1.5524,1,2020_October,2020,October,12.4963,12.6664,0.1701,1,51.81236674,51.81236674,"(50,60]",2020_October,0.61,Dry,NA,dry,"(50,55]","(50,60]","(40,60]",26.19999999999999,0.9865707699109455,0.5181236674,73.4644326866549,16.763164164456395,-0.046,51.81236674,seki,1.0225780898724166,0.19300070225273663,0.5298219101275834
2020_October_CECO_1.4_1,2020_October_CECO_1.4,1.4,1,CECO,EPI,-0.384,0,1,14,27,35,5,142,82,1,274.1,330.8,289.7,NA,0.4912,1,2020_October,2020,October,7.5047,7.8876,0.3829,1,130.4599659,130.4599659,"(130,140]",2020_October,0.61,Dry,1,hydrated,"(130,135]","(130,140]","(120,140]",56.69999999999999,0.9514554490592829,1.304599659,19.599634369287017,10.802341788075076,-0.046,130.4599659,seki,0.2131389710493748,2020_October_CECO_1.4,1.4,1,CECO,HP,-0.384,0,15,224,266,490,9,403,128,2,286.1,316.8,313.6,NA,1.5,1,2020_October,2020,October,7.5047,7.8876,0.3829,1,130.4599659,130.4599659,"(130,140]",2020_October,0.61,Dry,NA,hydrated,"(130,135]","(130,140]","(120,140]",30.69999999999999,0.9514554490592829,1.304599659,19.599634369287017,14.657193749851547,-0.046,130.4599659,seki,0.6508722650123415,0.27806102895062523,0.8491277349876585
2020_October_CECO_1.4_5,2020_October_CECO_1.4,1.4,5,CECO,EPI,-5.098,0,7.3,13,18,31,14,115,83,1,270,304.2,281.5,NA,0.5185,1,2020_October,2020,October,7.6504,7.9528,0.3024,1,68.15415822,68.15415822,"(60,70]",2020_October,0.61,Dry,1,moderate,"(65,70]","(60,70]","(60,80]",34.19999999999999,0.9619756563725984,0.6815415821999999,25.2989417989418,14.07632841151894,-0.046,68.15415822,seki,0.3083480096410309,2020_October_CECO_1.4,1.4,5,CECO,HP,-5.098,0,26,17,431,448,5,521,85,2,255.3,252.5,250.4,NA,1.0724,1,2020_October,2020,October,7.6504,7.9528,0.3024,1,68.15415822,68.15415822,"(60,70]",2020_October,0.61,Dry,NA,moderate,"(65,70]","(60,70]","(60,80]",-2.8000000000000114,0.9619756563725984,0.6815415821999999,25.2989417989418,17.38998969913578,-0.046,68.15415822,seki,0.637748130258518,0.2101519903589691,0.43465186974148207
2020_October_CECO_1.4_7,2020_October_CECO_1.4,1.4,7,CECO,EPI,-6.632,0,8,9,27,36,9,172,136,1,278.6,287.9,259.2,NA,0.5997,1,2020_October,2020,October,12.702,12.9552,0.2532,1,61.47123088,61.47123088,"(60,70]",2020_October,0.61,Dry,1,moderate,"(60,65]","(60,70]","(60,80]",9.299999999999956,0.9804557243423491,0.6147123088,50.165876777251185,13.565033204494224,-0.046,61.47123088,seki,0.3713974289609998,2020_October_CECO_1.4,1.4,7,CECO,HP,-6.632,0,16,94.5,377,377,5,731,101.5,2,257.6,241.5,248.3,NA,1.9293,1,2020_October,2020,October,12.702,12.9552,0.2532,1,61.47123088,61.47123088,"(60,70]",2020_October,0.61,Dry,NA,moderate,"(60,65]","(60,70]","(60,80]",-16.100000000000023,0.9804557243423491,0.6147123088,50.165876777251185,16.976325957532985,-0.046,61.47123088,seki,1.1948258457469683,0.2283025710390002,0.7344741542530318
2020_October_CECO_1.5_3,2020_October_CECO_1.5,1.5,3,CECO,EPI,-3.267,0,10.3,10,32,42,12,155,111,1,265,373.4,281.3,NA,0.5545,1,2020_October,2020,October,12.5217,12.8366,0.3149,1,90.80161476,90.80161476,"(90,100]",2020_October,0.61,Dry,1,hydrated,"(90,95]","(90,100]","(80,100]",108.39999999999998,0.975468582023277,0.9080161476,39.7640520800254,13.540738657015774,-0.046,90.80161476,seki,0.29061598912434694,2020_October_CECO_1.5,1.5,3,CECO,HP,-3.267,0,14,381,0.5,381,9,214,205,2,225.6,280.7,284.4,NA,1.4539,0,2020_October,2020,October,12.5217,12.8366,0.3149,1,90.80161476,90.80161476,"(90,100]",2020_October,0.61,Dry,NA,hydrated,"(90,95]","(90,100]","(80,100]",55.099999999999994,0.975468582023277,0.9080161476,39.7640520800254,16.40917588288983,-0.046,90.80161476,seki,0.7619956475886168,0.26388401087565305,0.69190435241138315
2020_October_CECO_1.5_5,2020_October_CECO_1.5,1.5,5,CECO,EPI,-4.495,0,4,10,27,37,3,102,72,1,272.1,302.3,294.5,NA,0.338,1,2020_October,2020,October,7.574,7.7455,0.1715,1,64.86384266,64.86384266,"(60,70]",2020_October,0.61,Dry,1,moderate,"(60,65]","(60,70]","(60,80]",30.19999999999999,0.9778581111613195,0.6486384266,44.16326530612245,11.922193823172393,-0.046,64.86384266,seki,0.20501766460524645,2020_October_CECO_1.5,1.5,5,CECO,HP,-4.495,0,16,15,398,413,11,526,117,2,254.8,274.5,276.6,NA,1.2642,1,2020_October,2020,October,7.574,7.7455,0.1715,1,64.86384266,64.86384266,"(60,70]",2020_October,0.61,Dry,NA,moderate,"(60,65]","(60,70]","(60,80]",19.69999999999999,0.9778581111613195,0.6486384266,44.16326530612245,16.180846669324602,-0.046,64.86384266,seki,0.7668145905146525,0.13298233539475357,0.4973854094853475
2020_October_CECO_1.5_8,2020_October_CECO_1.5,1.5,8,CECO,EPI,-8,0,15,11,27,38,10,217,180,1,287.9,315.4,278.85,NA,0.5497,1,2020_October,2020,October,7.6737,7.9116,0.2379,1,50,50,"(40,50]",2020_October,0.61,Dry,1,dry,"(45,50]","(40,50]","(40,60]",139.90000000000003,0.9699302290307903,0.5,32.25598991172762,15.341510906358504,-0.046,50,seki,0.3664666666666666,2020_October_CECO_1.5,1.5,8,CECO,HP,-8,0,25,16,0.5,16,12,398,101.5,2,223.9,240.3,238.3,NA,1.6316,0,2020_October,2020,October,7.6737,7.9116,0.2379,1,50,50,"(40,50]",2020_October,0.61,Dry,NA,dry,"(45,50]","(40,50]","(40,60]",16.400000000000006,0.9699302290307903,0.5,32.25598991172762,150.9422696574568,-0.046,50,seki,1.0877333333333332,0.18323333333333336,0.5438666666666667
2020_October_CECO_1.6_2,2020_October_CECO_1.6,1.6,2,CECO,EPI,-0.73,0,7,11,10,21,4,138,124,1,267.9,279.2,252,NA,0.5065,1,2020_October,2020,October,7.5927,7.9354,0.3427,1,105.0582465,105.0582465,"(100,110]",2020_October,0.61,Dry,1,hydrated,"(105,110]","(100,110]","(100,120]",11.300000000000011,0.9568137712024599,1.050582465,22.155529617741465,16.137724855093985,-0.046,105.0582465,seki,0.2470029899529059,2020_October_CECO_1.6,1.6,2,CECO,HP,-0.73,0,31,49,405,454,7,525,113,2,252.5,323.4,294,NA,2.1622,1,2020_October,2020,October,7.5927,7.9354,0.3427,1,105.0582465,105.0582465,"(100,110]",2020_October,0.61,Dry,NA,hydrated,"(105,110]","(100,110]","(100,120]",70.89999999999998,0.9568137712024599,1.050582465,22.155529617741465,18.045117209403376,-0.046,105.0582465,seki,1.0544321122925433,0.259497010047094,1.1077678877074566
2020_October_CECO_1.6_3,2020_October_CECO_1.6,1.6,3,CECO,EPI,-1.841,0,2.8,9,26,35,1,94,67,1,276.4,299.8,291.8,NA,0.4957,1,2020_October,2020,October,12.2821,12.3738,0.0917,1,57.74559194,57.74559194,"(50,60]",2020_October,0.61,Dry,1,dry,"(55,60]","(50,60]","(40,60]",23.40000000000003,0.9925891803649647,0.5774559194,133.93784078516902,11.645861871858363,-0.046,57.74559194,seki,0.3142401596797355,2020_October_CECO_1.6,1.6,3,CECO,HP,-1.841,0,6,6,364,370,5,450,81,2,298.9,298.2,298.2,NA,0.9363,1,2020_October,2020,October,12.2821,12.3738,0.0917,1,57.74559194,57.74559194,"(50,60]",2020_October,0.61,Dry,NA,dry,"(55,60]","(50,60]","(40,60]",-0.6999999999999886,0.9925891803649647,0.5774559194,133.93784078516902,14.467494112718464,-0.046,57.74559194,seki,0.5935506586809287,0.18145984032026446,0.3427493413190713
2020_October_CECO_1.6_5,2020_October_CECO_1.6,1.6,5,CECO,EPI,-4.08,0,0.5,14,27,35,4,171,106,1,278.2,296.9,295.6,NA,0.4601,1,2020_October,2020,October,7.4486,7.6253,0.1767,1,83.7044055,83.7044055,"(80,90]",2020_October,0.61,Dry,1,moderate,"(80,85]","(80,90]","(80,100]",18.69999999999999,0.9768271412272304,0.8370440549999999,42.153933220147145,10.554308225147858,-0.046,83.7044055,seki,0.2504567044800676,2020_October_CECO_1.6,1.6,5,CECO,HP,-4.08,0,10,12,403,415,10,494,81,2,255.4,247.4,244.6,NA,1.224,1,2020_October,2020,October,7.4486,7.6253,0.1767,1,83.7044055,83.7044055,"(80,90]",2020_October,0.61,Dry,NA,moderate,"(80,85]","(80,90]","(80,100]",-8,0.9768271412272304,0.8370440549999999,42.153933220147145,14.711204706846097,-0.046,83.7044055,seki,0.6662877771867045,0.20964329551993238,0.5577122228132955
2020_October_CECO_1.6_6,2020_October_CECO_1.6,1.6,6,CECO,EPI,-9,0,20,5,17,22,7,81,57,1,277.9,347.7,264.6,NA,0.4845,1,2020_October,2020,October,7.5101,7.6603,0.1502,1,57.43785851,57.43785851,"(50,60]",2020_October,0.61,Dry,1,dry,"(55,60]","(50,60]","(40,60]",69.80000000000001,0.9803924128297847,0.5743785851,50.00066577896139,20.18130413381635,-0.046,57.43785851,seki,0.307740466356271,2020_October_CECO_1.6,1.6,6,CECO,HP,-9,0,12,10,469,479,8,538,61,2,271.1,271.4,271.6,NA,0.9221,1,2020_October,2020,October,7.5101,7.6603,0.1502,1,57.43785851,57.43785851,"(50,60]",2020_October,0.61,Dry,NA,dry,"(55,60]","(50,60]","(40,60]",0.2999999999999545,0.9803924128297847,0.5743785851,50.00066577896139,14.162437154220138,-0.046,57.43785851,seki,0.5856914015007585,0.17675953364372898,0.33640859849924154
2020_October_CECO_1.6_7,2020_October_CECO_1.6,1.6,7,CECO,EPI,-5.326,0,7,2,27,35,7,208,130,1,276.9,373.2,306.6,NA,0.6111,1,2020_October,2020,October,12.7826,13.193,0.4104,1,86.60054864,86.60054864,"(80,90]",2020_October,0.61,Dry,1,moderate,"(85,90]","(80,90]","(80,100]",96.3,0.96889259455772,0.8660054864,31.146686159844055,13.348488460386385,-0.046,86.60054864,seki,0.32749099852807373,2020_October_CECO_1.6,1.6,7,CECO,HP,-5.326,0,16,16,370,386,5,452,77,2,247.6,333.3,230.9,NA,1.174,1,2020_October,2020,October,12.7826,13.193,0.4104,1,86.60054864,86.60054864,"(80,90]",2020_October,0.61,Dry,NA,moderate,"(85,90]","(80,90]","(80,100]",85.70000000000002,0.96889259455772,0.8660054864,31.146686159844055,16.763981894087145,-0.046,86.60054864,seki,0.6291514191980995,0.28360900147192625,0.5448485808019005
2020_October_CECO_2.1_1,2020_October_CECO_2.1,2.1,1,CECO,EPI,-0.311,0,9,17,40,57,7,133,86,1,268.9,296.4,290.3,NA,0.504,1,2020_October,2020,October,7.4677,7.7115,0.2438,2,107.4008811,107.4008811,"(100,110]",2020_October,0.61,Dry,1,hydrated,"(105,110]","(100,110]","(100,120]",27.5,0.9683848797250859,1.0740088110000001,30.630434782608695,11.82467824743842,-0.046,107.4008811,seki,0.243007646508981,2020_October_CECO_2.1,2.1,1,CECO,HP,-0.311,0,18,31,144,175,12,217,61,2,253.5,282.1,290.9,NA,1.1957,1,2020_October,2020,October,7.4677,7.7115,0.2438,2,107.4008811,107.4008811,"(100,110]",2020_October,0.61,Dry,NA,hydrated,"(105,110]","(100,110]","(100,120]",28.600000000000023,0.9683848797250859,1.0740088110000001,30.630434782608695,27.823812810261256,-0.046,107.4008811,seki,0.5765163550214059,0.260992353491019,0.6191836449785941
2020_October_CECO_2.1_6,2020_October_CECO_2.1,2.1,6,CECO,EPI,-3.995,0,4,12,10,22,3,124,111,1,271.9,291.7,257.7,NA,0.4205,1,2020_October,2020,October,7.5347,7.7406,0.2059,2,63.10144039,63.10144039,"(60,70]",2020_October,0.61,Dry,1,moderate,"(60,65]","(60,70]","(60,80]",19.80000000000001,0.973399994832442,0.6310144039,36.59397765905779,14.46053630009166,-0.046,63.10144039,seki,0.25781501315654937,2020_October_CECO_2.1,2.1,6,CECO,HP,-3.995,0,19,94,283,377,12,386,91,2,266.6,245.5,243,NA,0.901,1,2020_October,2020,October,7.5347,7.7406,0.2059,2,63.10144039,63.10144039,"(60,70]",2020_October,0.61,Dry,NA,moderate,"(60,65]","(60,70]","(60,80]",-21.100000000000023,0.973399994832442,0.6310144039,36.59397765905779,17.642492676813454,-0.046,63.10144039,seki,0.5524169485233079,0.16268498684345062,0.3485830514766921
2020_October_CECO_2.2_1,2020_October_CECO_2.2,2.2,1,CECO,EPI,-0.199,0,5,6,30,36,12,110,68,1,250.6,294.1,268.1,NA,0.5155,1,2020_October,2020,October,7.4614,7.7623,0.3009,2,113.4615385,113.4615385,"(110,120]",2020_October,0.61,Dry,1,hydrated,"(110,115]","(110,120]","(100,120]",43.50000000000003,0.9612357162181313,1.134615385,24.796942505815885,12.450753064626555,-0.046,113.4615385,seki,0.2414954954519828,2020_October_CECO_2.2,2.2,1,CECO,HP,-0.199,0,26,382,98,480,13,188,77,2,250.8,304.7,307,NA,1.5164,1,2020_October,2020,October,7.4614,7.7623,0.3009,2,113.4615385,113.4615385,"(110,120]",2020_October,0.61,Dry,NA,hydrated,"(110,115]","(110,120]","(100,120]",53.89999999999998,0.9612357162181313,1.134615385,24.796942505815885,16.811270950480036,-0.046,113.4615385,seki,0.7103855854575882,0.27400450454801717,0.8060144145424117
2020_October_CECO_2.2_3,2020_October_CECO_2.2,2.2,3,CECO,EPI,-3.898,0,11,5,32,37,11,68,25,1,272.7,336.7,278.2,NA,0.4106,1,2020_October,2020,October,12.3457,12.4841,0.1384,2,68.0432645,68.0432645,"(60,70]",2020_October,0.61,Dry,1,moderate,"(65,70]","(60,70]","(60,80]",64,0.9889138984788652,0.6804326450000001,89.20303468208094,14.390578667819277,-0.046,68.0432645,seki,0.24434183733677703,2020_October_CECO_2.2,2.2,3,CECO,HP,-3.898,0,10,181,265,446,11,538,262,2,305.3,304.6,304.9,NA,1.5471,1,2020_October,2020,October,12.3457,12.4841,0.1384,2,68.0432645,68.0432645,"(60,70]",2020_October,0.61,Dry,NA,moderate,"(65,70]","(60,70]","(60,80]",-0.6999999999999886,0.9889138984788652,0.6804326450000001,89.20303468208094,14.1833083145188,-0.046,68.0432645,seki,0.9206557636233018,0.166258162663223,0.6264442363766981
2020_October_CECO_2.3_3,2020_October_CECO_2.3,2.3,3,CECO,EPI,-2.983,0,0.5,3,39,42,1,102,62,1,277.4,301.2,297.6,NA,0.5076,1,2020_October,2020,October,12.5409,12.789,0.2481,2,81.45108339,81.45108339,"(80,90]",2020_October,0.61,Dry,1,moderate,"(80,85]","(80,90]","(80,100]",23.80000000000001,0.9806005160684964,0.8145108338999999,50.547762998790816,9.876508614358547,-0.046,81.45108339,seki,0.27974481635306375,2020_October_CECO_2.3,2.3,3,CECO,HP,-2.983,0,14,8,14,22,7,109,88,2,282.9,279,282.2,NA,1.1734,1,2020_October,2020,October,12.5409,12.789,0.2481,2,81.45108339,81.45108339,"(80,90]",2020_October,0.61,Dry,NA,moderate,"(80,85]","(80,90]","(80,100]",-3.8999999999999777,0.9806005160684964,0.8145108338999999,50.547762998790816,110.54588428063666,-0.046,81.45108339,seki,0.6466756649107269,0.2278551836469363,0.5267243350892731
2020_October_CECO_2.3_4,2020_October_CECO_2.3,2.3,4,CECO,EPI,-4.046,0,10.5,9,18,27,5,112,89,1,272.1,291.1,277.5,NA,0.4615,1,2020_October,2020,October,12.4681,12.6459,0.1778,2,73.10855263,73.10855263,"(70,80]",2020_October,0.61,Dry,1,moderate,"(70,75]","(70,80]","(60,80]",19,0.9859401070702758,0.7310855263,70.12429696287964,16.004444365393123,-0.046,73.10855263,seki,0.26659572446798985,2020_October_CECO_2.3,2.3,4,CECO,HP,-4.046,0,3,17,412,429,2,477,63,2,279.2,268.6,268.6,NA,1.1204,1,2020_October,2020,October,12.4681,12.6459,0.1778,2,73.10855263,73.10855263,"(70,80]",2020_October,0.61,Dry,NA,moderate,"(70,75]","(70,80]","(60,80]",-10.599999999999966,0.9859401070702758,0.7310855263,70.12429696287964,12.49645358417355,-0.046,73.10855263,seki,0.6472239429987775,0.19490427553201017,0.47317605700122256
2020_October_CECO_2.4_1,2020_October_CECO_2.4,2.4,1,CECO,EPI,-0.169,0,4,16,25,41,9,81,47,1,267.1,282.5,267.8,NA,0.4337,1,2020_October,2020,October,7.4788,7.7868,0.308,2,123.5459286,123.5459286,"(120,130]",2020_October,0.61,Dry,1,hydrated,"(120,125]","(120,130]","(120,140]",15.399999999999975,0.9604458827759798,1.235459286,24.28181818181818,11.485693808449827,-0.046,123.5459286,seki,0.1940093486453235,2020_October_CECO_2.4,2.4,1,CECO,HP,-0.169,0,11,76,409,485,9,515,97,2,246.9,279.8,288.4,NA,1.5394,1,2020_October,2020,October,7.4788,7.7868,0.308,2,123.5459286,123.5459286,"(120,130]",2020_October,0.61,Dry,NA,hydrated,"(120,125]","(120,130]","(120,140]",32.900000000000006,0.9604458827759798,1.235459286,24.28181818181818,13.848396360021813,-0.046,123.5459286,seki,0.6886280638796658,0.2396906513546765,0.8507719361203343
2020_October_CECO_2.4_5,2020_October_CECO_2.4,2.4,5,CECO,EPI,-4.574,0,6,7,33,40,15,208,160,1,265.9,341.9,264.9,NA,0.5,1,2020_October,2020,October,7.479,7.6657,0.1867,2,80.06003431,80.06003431,"(80,90]",2020_October,0.61,Dry,1,moderate,"(80,85]","(80,90]","(80,100]",76,0.9756447552082653,0.8006003431000001,40.058918050348154,12.3557675460286,-0.046,80.06003431,seki,0.277685163126858,2020_October_CECO_2.4,2.4,5,CECO,HP,-4.574,0,24,41,354,395,2,506,150,2,228.5,278.4,234.7,NA,1.5129,1,2020_October,2020,October,7.479,7.6657,0.1867,2,80.06003431,80.06003431,"(80,90]",2020_October,0.61,Dry,NA,moderate,"(80,85]","(80,90]","(80,100]",49.89999999999998,0.9756447552082653,0.8006003431000001,40.058918050348154,18.189503382427336,-0.046,80.06003431,seki,0.8402197665892468,0.22231483687314202,0.6726802334107531
2020_October_CECO_2.5_4,2020_October_CECO_2.5,2.5,4,CECO,EPI,-1.648,0,8,17,23,40,3,105,79,1,276.4,314.2,303.2,NA,0.4988,1,2020_October,2020,October,12.4462,12.7065,0.2603,2,100.4243827,100.4243827,"(100,110]",2020_October,0.61,Dry,1,hydrated,"(100,105]","(100,110]","(100,120]",37.80000000000001,0.9795144217526462,1.004243827,47.81482904341145,13.053652984483527,-0.046,100.4243827,seki,0.2488719153231051,2020_October_CECO_2.5,2.5,4,CECO,HP,-1.648,0,4,44,557,601,9,730,164,2,266.9,285.2,282.6,NA,1.4876,1,2020_October,2020,October,12.4462,12.7065,0.2603,2,100.4243827,100.4243827,"(100,110]",2020_October,0.61,Dry,NA,hydrated,"(100,105]","(100,110]","(100,120]",18.30000000000001,0.9795144217526462,1.004243827,47.81482904341145,10.926220448301802,-0.046,100.4243827,seki,0.7422250626195892,0.24992808467689492,0.7453749373804108
2020_September_ADFA_1.1_10,2020_September_ADFA_1.1,1.1,10,ADFA,EPI,-6.006,0,12.75,10,22,32,5,118,91,1,267.7,335.7,265.1,NA,0.479,1,2020_September,2020,September,0.2821,0.4895,0.2074,St. Marys,73.52002836,73.52002836,"(70,80]",2020_September,0.01,Dry,1,moderate,"(70,75]","(70,80]","(60,80]",68,0.5763023493360573,0.7352002836,1.3601735776277726,12.206228863077952,-0.043,73.52002836,local,0.2760488253299637,2020_September_ADFA_1.1,1.1,10,ADFA,HP,-6.006,Ignition due to veg touching flame,23,102,33,135,36,196,127,1,220,257.6,231.3,50,2.5316,1,2020_September,2020,September,0.2821,0.4895,0.2074,St. Marys,73.52002836,73.52002836,"(70,80]",2020_September,0.01,Dry,1,moderate,"(70,75]","(70,80]","(60,80]",37.60000000000002,0.5763023493360573,0.7352002836,1.3601735776277726,11.901532314993396,-0.043,73.52002836,local,1.4589670275685516,0.20295117467003626,1.0726329724314485
2020_September_ADFA_1.1_3,2020_September_ADFA_1.1,1.1,3,ADFA,EPI,-3.979,0,11,24,16,40,8,101,77,1,275.1,274.7,258.4,100,0.5415,1,2020_September,2020,September,0.3147,0.5476,0.2329,St. Marys,74.00699078,74.00699078,"(70,80]",2020_September,0.01,Dry,1,moderate,"(70,75]","(70,80]","(60,80]",-0.4000000000000341,0.5746895544192842,0.7400699077999999,1.3512237011592958,10.670965905307668,-0.043,74.00699078,local,0.3111943937267599,2020_September_ADFA_1.1,1.1,3,ADFA,HP,-3.979,0,24,76,13,89,6,81,62,1,291.2,300.2,295.3,50,1.1661,1,2020_September,2020,September,0.3147,0.5476,0.2329,St. Marys,74.00699078,74.00699078,"(70,80]",2020_September,0.01,Dry,1,moderate,"(70,75]","(70,80]","(60,80]",9,0.5746895544192842,0.7400699077999999,1.3512237011592958,15.167348802468569,-0.043,74.00699078,local,0.6701454894271002,0.2303056062732401,0.49595451057289974
2020_September_ADFA_1.2_1,2020_September_ADFA_1.2,1.2,1,ADFA,EPI,-0.713,0,14.5,20,8,28,5,90,77,1,222.3,287.4,208.9,100,0.5253,1,2020_September,2020,September,0.2677,0.5419,0.2742,St. Marys,102.4280911,102.4280911,"(100,110]",2020_September,0.01,Dry,1,hydrated,"(100,105]","(100,110]","(100,120]",65.09999999999997,0.49400258350249115,1.024280911,0.9762946754194018,13.366735215974344,-0.043,102.4280911,local,0.25949955717386103,2020_September_ADFA_1.2,1.2,1,ADFA,HP,-0.713,0,22,20,15,96,10,264,60,1,267.6,289.8,278,NA,2.3384,1,2020_September,2020,September,0.2677,0.5419,0.2742,St. Marys,102.4280911,102.4280911,"(100,110]",2020_September,0.01,Dry,1,hydrated,"(100,105]","(100,110]","(100,120]",22.19999999999999,0.49400258350249115,1.024280911,0.9762946754194018,NA,-0.043,102.4280911,local,1.1551756415293293,0.26580044282613896,1.1832243584706708
2020_September_ADFA_1.2_3,2020_September_ADFA_1.2,1.2,3,ADFA,EPI,-2.444,0,8.5,8,25,33,9,144,110,1,272.3,289.1,260.4,100,0.4543,1,2020_September,2020,September,0.324,0.5668,0.2428,St. Marys,74.9382716,74.9382716,"(70,80]",2020_September,0.01,Dry,1,moderate,"(70,75]","(70,80]","(60,80]",16.80000000000001,0.5716302046577276,0.749382716,1.3344316309719935,10.983396322235892,-0.043,74.9382716,local,0.25969160198333635,2020_September_ADFA_1.2,1.2,3,ADFA,HP,-2.444,0,21,69,42,111,13,161,106,1,280,300.15,290.8,20,2.0713,1,2020_September,2020,September,0.324,0.5668,0.2428,St. Marys,74.9382716,74.9382716,"(70,80]",2020_September,0.01,Dry,1,moderate,"(70,75]","(70,80]","(60,80]",20.149999999999977,0.5716302046577276,0.749382716,1.3344316309719935,12.960295099587622,-0.043,74.9382716,local,1.1840176429409743,0.19460839801666363,0.8872823570590256
2020_September_ADFA_1.3_3,2020_September_ADFA_1.3,1.3,3,ADFA,EPI,-7.005,0,9,10,16,26,10,113,87,1,280,387.7,262.6,40,0.4649,1,2020_September,2020,September,0.3671,0.61,0.2429,St. Marys,66.16725688,66.16725688,"(60,70]",2020_September,0.01,Dry,1,moderate,"(65,70]","(60,70]","(60,80]",107.7,0.6018032786885246,0.6616725687999999,1.5113215314944421,12.367007178015996,-0.043,66.16725688,local,0.279778344259323,2020_September_ADFA_1.3,1.3,3,ADFA,HP,-7.005,0,28,42,19,61,14,176,89,1,280,274.1,270,NA,1.6334,1,2020_September,2020,September,0.3671,0.61,0.2429,St. Marys,66.16725688,66.16725688,"(60,70]",2020_September,0.01,Dry,1,moderate,"(65,70]","(60,70]","(60,80]",-5.899999999999977,0.6018032786885246,0.6616725687999999,1.5113215314944421,19.729250800995136,-0.043,66.16725688,local,0.9829854753993938,0.18512165574067696,0.6504145246006061
2020_September_ADFA_1.3_4,2020_September_ADFA_1.3,1.3,4,ADFA,EPI,-2.18,0,4,19,28,47,6,116,82,1,278.8,286.9,263,80,0.4729,1,2020_September,2020,September,0.2962,0.5173,0.2211,St. Marys,74.64550979,74.64550979,"(70,80]",2020_September,0.01,Dry,1,moderate,"(70,75]","(70,80]","(60,80]",8.099999999999966,0.5725884399768026,0.7464550979000001,1.3396653098145637,8.215213113250465,-0.043,74.64550979,local,0.27077707326608724,2020_September_ADFA_1.3,1.3,4,ADFA,HP,-2.18,0,20,76,20,96,9,153,124,1,264,297.4,296.2,50,1.3301,1,2020_September,2020,September,0.2962,0.5173,0.2211,St. Marys,74.64550979,74.64550979,"(70,80]",2020_September,0.01,Dry,1,moderate,"(70,75]","(70,80]","(60,80]",33.39999999999998,0.5725884399768026,0.7464550979000001,1.3396653098145637,13.91578687056559,-0.043,74.64550979,local,0.761599884016119,0.20212292673391274,0.5685001159838811
2020_September_ADFA_1.3_5,2020_September_ADFA_1.3,1.3,5,ADFA,EPI,-4.401,0,20.5,15,5,20,8,74,61,1,270.8,381,260.1,100,0.4808,1,2020_September,2020,September,0.2886,0.5,0.2114,St. Marys,73.25017325,73.25017325,"(70,80]",2020_September,0.01,Dry,1,moderate,"(70,75]","(70,80]","(60,80]",110.2,0.5772,0.7325017325000001,1.3651844843897825,16.87952107223666,-0.043,73.25017325,local,0.2775177600002775,2020_September_ADFA_1.3,1.3,5,ADFA,HP,-4.401,0,18,66,1,67,26,237,89,1,261.5,301,289,100,1.6334,1,2020_September,2020,September,0.2886,0.5,0.2114,St. Marys,73.25017325,73.25017325,"(70,80]",2020_September,0.01,Dry,1,moderate,"(70,75]","(70,80]","(60,80]",39.5,0.5772,0.7325017325000001,1.3651844843897825,16.817171039928805,-0.043,73.25017325,local,0.9427984800009427,0.2032822399997225,0.6906015199990573
2020_September_ADFA_1.3_6,2020_September_ADFA_1.3,1.3,6,ADFA,EPI,-7.639,"Missing these yellow lower videos , also, no weight for this video - might be mislabeled? Strange to have two burns for Epiâ€¦",10,13,10,23,7,89,72,1,265.8,364.1,264.6,100,0.5009,1,2020_September,2020,September,0.3411,0.5385,0.1974,St. Marys,57.87159191,57.87159191,"(50,60]",2020_September,0.01,Dry,1,dry,"(55,60]","(50,60]","(40,60]",98.3,0.6334261838440112,0.5787159191,1.7279635258358663,13.359134032570154,-0.043,57.87159191,local,0.3172831754845133,2020_September_ADFA_1.3,1.3,6,ADFA,HP,-7.639,0,24,104,20,124,15,152,117,1,248.8,282.3,239,100,1.6644,1,2020_September,2020,September,0.3411,0.5385,0.1974,St. Marys,57.87159191,57.87159191,"(50,60]",2020_September,0.01,Dry,1,dry,"(55,60]","(50,60]","(40,60]",33.5,0.6334261838440112,0.5787159191,1.7279635258358663,12.581057202487676,-0.043,57.87159191,local,1.0542745403801637,0.18361682451548672,0.6101254596198364
2020_September_ADFA_1.3_7,2020_September_ADFA_1.3,1.3,7,ADFA,EPI,-5.79,0,4,5,26,31,2,77,49,1,279.2,302.3,261.7,NA,0.4462,1,2020_September,2020,September,0.2793,0.488,0.2087,St. Marys,74.72252059,74.72252059,"(70,80]",2020_September,0.01,Dry,1,moderate,"(70,75]","(70,80]","(60,80]",23.100000000000023,0.5723360655737705,0.7472252059,1.338284619070436,9.885093092713356,-0.043,74.72252059,local,0.2553763524548979,2020_September_ADFA_1.3,1.3,7,ADFA,HP,-5.79,0,12,40,57,97,36,205,112,1,244.4,267.1,259.1,100,2.3105,1,2020_September,2020,September,0.2793,0.488,0.2087,St. Marys,74.72252059,74.72252059,"(70,80]",2020_September,0.01,Dry,1,moderate,"(70,75]","(70,80]","(60,80]",22.700000000000017,0.5723360655737705,0.7472252059,1.338284619070436,12.456500235957549,-0.043,74.72252059,local,1.3223824794868708,0.19082364754510206,0.9881175205131294
2020_September_ADFA_1.4_11,2020_September_ADFA_1.4,1.4,11,ADFA,EPI,-10,0,6.25,7,24,31,3,131,104,1,271.9,312.6,278.5,NA,0.5538,1,2020_September,2020,September,0.4151,0.6084,0.1933,St. Marys,46.56709227,46.56709227,"(40,50]",2020_September,0.01,Dry,1,dry,"(45,50]","(40,50]","(40,60]",40.700000000000045,0.6822813938198553,0.46567092270000005,2.147439213657527,10.628441357042275,-0.043,46.56709227,local,0.3778474358895051,2020_September_ADFA_1.4,1.4,11,ADFA,HP,-10,Ignition due to touhing pilot flame,23,71,0.5,71,37,117,80,1,246.3,257.5,245.9,90,1.0616,1,2020_September,2020,September,0.4151,0.6084,0.1933,St. Marys,46.56709227,46.56709227,"(40,50]",2020_September,0.01,Dry,1,dry,"(45,50]","(40,50]","(40,60]",11.199999999999989,0.6822813938198553,0.46567092270000005,2.147439213657527,17.168322313248627,-0.043,46.56709227,local,0.7243099276639556,0.17595256411049487,0.33729007233604447
2020_September_ADFA_1.4_11,2020_September_ADFA_1.4,1.4,11,ADFA,EPI,-10,0,9,27,16,43,6,117,95,1,273.5,326.1,283.2,NA,0.5538,1,2020_September,2020,September,0.4151,0.6084,0.1933,St. Marys,46.56709227,46.56709227,"(40,50]",2020_September,0.01,Dry,1,dry,"(45,50]","(40,50]","(40,60]",52.60000000000002,0.6822813938198553,0.46567092270000005,2.147439213657527,9.881071613516156,-0.043,46.56709227,local,0.3778474358895051,2020_September_ADFA_1.4,1.4,11,ADFA,HP,-10,Ignition due to touhing pilot flame,23,71,0.5,71,37,117,80,1,246.3,257.5,245.9,90,1.0616,1,2020_September,2020,September,0.4151,0.6084,0.1933,St. Marys,46.56709227,46.56709227,"(40,50]",2020_September,0.01,Dry,1,dry,"(45,50]","(40,50]","(40,60]",11.199999999999989,0.6822813938198553,0.46567092270000005,2.147439213657527,17.168322313248627,-0.043,46.56709227,local,0.7243099276639556,0.17595256411049487,0.33729007233604447
2020_September_ADFA_1.4_2,2020_September_ADFA_1.4,1.4,2,ADFA,EPI,-5.33,0,12,40,2,42,4,97,91,1,277.4,307.9,269,100,0.5464,1,2020_September,2020,September,0.324,0.5213,0.1973,St. Marys,60.89506173,60.89506173,"(60,70]",2020_September,0.01,Dry,1,moderate,"(60,65]","(60,70]","(60,80]",30.5,0.6215231152887014,0.6089506173,1.6421692853522554,10.656649405973848,-0.043,60.89506173,local,0.33960023019035884,2020_September_ADFA_1.4,1.4,2,ADFA,HP,-5.33,0,22,76,0.5,76,35,101,66,1,273.3,283.9,279.7,100,1.3686,1,2020_September,2020,September,0.324,0.5213,0.1973,St. Marys,60.89506173,60.89506173,"(60,70]",2020_September,0.01,Dry,1,moderate,"(60,65]","(60,70]","(60,80]",10.599999999999966,0.6215231152887014,0.6089506173,1.6421692853522554,16.31229745862898,-0.043,60.89506173,local,0.8506165355756317,0.20679976980964115,0.5179834644243684
2020_September_ADFA_1.4_2,2020_September_ADFA_1.4,1.4,2,ADFA,EPI,-5.33,0,6.5,13,27,40,2,113,84,1,272.4,278.1,269.5,100,0.5212,1,2020_September,2020,September,0.324,0.5213,0.1973,St. Marys,60.89506173,60.89506173,"(60,70]",2020_September,0.01,Dry,1,moderate,"(60,65]","(60,70]","(60,80]",5.7000000000000455,0.6215231152887014,0.6089506173,1.6421692853522554,9.553149100156796,-0.043,60.89506173,local,0.3239378476852398,2020_September_ADFA_1.4,1.4,2,ADFA,HP,-5.33,0,22,76,0.5,76,35,101,66,1,273.3,283.9,279.7,100,1.3686,1,2020_September,2020,September,0.324,0.5213,0.1973,St. Marys,60.89506173,60.89506173,"(60,70]",2020_September,0.01,Dry,1,moderate,"(60,65]","(60,70]","(60,80]",10.599999999999966,0.6215231152887014,0.6089506173,1.6421692853522554,16.31229745862898,-0.043,60.89506173,local,0.8506165355756317,0.1972621523147602,0.5179834644243684
2020_September_ADFA_1.4_3,2020_September_ADFA_1.4,1.4,3,ADFA,EPI,-5.751,0,3.5,9,36,45,4,141,101,1,279.2,299.4,278.7,50,0.4901,1,2020_September,2020,September,0.2916,0.4742,0.1826,St. Marys,62.62002743,62.62002743,"(60,70]",2020_September,0.01,Dry,1,moderate,"(60,65]","(60,70]","(60,80]",20.19999999999999,0.6149304091100801,0.6262002743,1.596933187294633,8.22343824777665,-0.043,62.62002743,local,0.3013773935138242,2020_September_ADFA_1.4,1.4,3,ADFA,HP,-5.751,0,26,75,0.5,75,25,101,76,1,264.6,328.7,300.1,100,1.3716,1,2020_September,2020,September,0.2916,0.4742,0.1826,St. Marys,62.62002743,62.62002743,"(60,70]",2020_September,0.01,Dry,1,moderate,"(60,65]","(60,70]","(60,80]",64.09999999999997,0.6149304091100801,0.6262002743,1.596933187294633,17.10570657702997,-0.043,62.62002743,local,0.8434385491605005,0.18872260648617578,0.5281614508394994
2020_September_ADFA_1.4_7,2020_September_ADFA_1.4,1.4,7,ADFA,EPI,-3.502,0,14.5,26,9,35,8,93,76,1,282.4,382.8,255.6,100,0.5523,1,2020_September,2020,September,0.2885,0.5059,0.2174,St. Marys,75.35528596,75.35528596,"(70,80]",2020_September,0.01,Dry,1,moderate,"(75,80]","(70,80]","(60,80]",100.40000000000003,0.5702708045068194,0.7535528596000001,1.327046918123275,12.096710235619994,-0.043,75.35528596,local,0.3149605653324783,2020_September_ADFA_1.4,1.4,7,ADFA,HP,-3.502,0,20,135,0.5,135,8,116,108,1,261.9,264.3,261.1,100,1.598,1,2020_September,2020,September,0.2885,0.5059,0.2174,St. Marys,75.35528596,75.35528596,"(70,80]",2020_September,0.01,Dry,1,moderate,"(75,80]","(70,80]","(60,80]",2.400000000000034,0.5702708045068194,0.7535528596000001,1.327046918123275,11.52415841518364,-0.043,75.35528596,local,0.9112927456116248,0.23733943466752172,0.6867072543883753
2020_September_ADFA_1.5_1,2020_September_ADFA_1.5,1.5,1,ADFA,EPI,-0.136,0,3,24,36,60,1,127,90,1,256.9,279.5,252.7,100,0.541,1,2020_September,2020,September,0.2965,0.5395,0.243,St. Marys,81.95615514,81.95615514,"(80,90]",2020_September,0.01,Dry,1,moderate,"(80,85]","(80,90]","(80,100]",22.600000000000023,0.5495829471733086,0.8195615514000001,1.2201646090534979,7.133168350603367,-0.043,81.95615514,local,0.29732437442621595,2020_September_ADFA_1.5,1.5,1,ADFA,HP,-0.136,0,27,8,57,65,28,202,117,1,284,394.2,289.1,NA,2.462,1,2020_September,2020,September,0.2965,0.5395,0.243,St. Marys,81.95615514,81.95615514,"(80,90]",2020_September,0.01,Dry,1,moderate,"(80,85]","(80,90]","(80,100]",110.2,0.5495829471733086,0.8195615514000001,1.2201646090534979,18.815720023271947,-0.043,81.95615514,local,1.3530732159655152,0.24367562557378408,1.108926784034485
2020_September_ADFA_1.5_7,2020_September_ADFA_1.5,1.5,7,ADFA,EPI,-4.49,0,18,13,18,31,5,97,74,1,280.1,337.6,302,NA,0.4973,1,2020_September,2020,September,0.3418,0.5683,0.2265,St. Marys,66.2668227,66.2668227,"(60,70]",2020_September,0.01,Dry,1,moderate,"(65,70]","(60,70]","(60,80]",57.5,0.6014428998768255,0.662668227,1.5090507726269315,13.474716912077298,-0.043,66.2668227,local,0.2990975541147452,2020_September_ADFA_1.5,1.5,7,ADFA,HP,-4.49,0,20,98,0.5,98,11,89,78,1,256.8,251,245.6,NA,1.2832,1,2020_September,2020,September,0.3418,0.5683,0.2265,St. Marys,66.2668227,66.2668227,"(60,70]",2020_September,0.01,Dry,1,moderate,"(65,70]","(60,70]","(60,80]",-5.800000000000011,0.6014428998768255,0.662668227,1.5090507726269315,13.752071730911878,-0.043,66.2668227,local,0.7717715291374242,0.19820244588525482,0.5114284708625757
2020_September_ADFA_1.5_7,2020_September_ADFA_1.5,1.5,7,ADFA,EPI,-4.49,0,10,18,20,38,4,100,76,1,276.9,300.1,260.6,12.5,0.4801,1,2020_September,2020,September,0.3418,0.5683,0.2265,St. Marys,66.2668227,66.2668227,"(60,70]",2020_September,0.01,Dry,1,moderate,"(65,70]","(60,70]","(60,80]",23.200000000000045,0.6014428998768255,0.662668227,1.5090507726269315,10.683424109614643,-0.043,66.2668227,local,0.2887527362366563,2020_September_ADFA_1.5,1.5,7,ADFA,HP,-4.49,0,20,98,0.5,98,11,89,78,1,256.8,251,245.6,NA,1.2832,1,2020_September,2020,September,0.3418,0.5683,0.2265,St. Marys,66.2668227,66.2668227,"(60,70]",2020_September,0.01,Dry,1,moderate,"(65,70]","(60,70]","(60,80]",-5.800000000000011,0.6014428998768255,0.662668227,1.5090507726269315,13.752071730911878,-0.043,66.2668227,local,0.7717715291374242,0.1913472637633437,0.5114284708625757
2020_September_ADFA_1.6_1,2020_September_ADFA_1.6,1.6,1,ADFA,EPI,-0.316,0,4.5,29,27,56,3,133,103,1,256.4,286.1,248.6,100,0.5341,1,2020_September,2020,September,0.2538,0.5258,0.272,St. Marys,107.1710008,107.1710008,"(100,110]",2020_September,0.01,Dry,1,hydrated,"(105,110]","(100,110]","(100,120]",29.700000000000045,0.48269303917839484,1.071710008,0.9330882352941177,7.751570157592931,-0.043,107.1710008,local,0.2578063522102752,2020_September_ADFA_1.6,1.6,1,ADFA,HP,-0.316,0,15.5,35,61,96,15,135,59,1,303.6,333.5,302.4,100,1.6,1,2020_September,2020,September,0.2538,0.5258,0.272,St. Marys,107.1710008,107.1710008,"(100,110]",2020_September,0.01,Dry,1,hydrated,"(105,110]","(100,110]","(100,120]",29.899999999999977,0.48269303917839484,1.071710008,0.9330882352941177,13.169663720920395,-0.043,107.1710008,local,0.7723088626407795,0.2762936477897248,0.8276911373592206
2020_September_ADFA_1.6_3,2020_September_ADFA_1.6,1.6,3,ADFA,EPI,-5.741,0,1.5,24,25,49,1,120,94,1,274.6,275.1,264.7,100,0.5296,1,2020_September,2020,September,0.3292,0.5376,0.2084,Painted Caves,63.30498177,63.30498177,"(60,70]",2020_September,0.01,Dry,1,moderate,"(60,65]","(60,70]","(60,80]",0.5,0.6123511904761905,0.6330498177,1.5796545105566218,7.308720955362111,-0.043,63.30498177,local,0.3243011904841291,2020_September_ADFA_1.6,1.6,3,ADFA,HP,-5.741,0,18,96,53,149,11,206,142,1,278.5,318.3,296,50,1.8453,1,2020_September,2020,September,0.3292,0.5376,0.2084,St. Marys,63.30498177,63.30498177,"(60,70]",2020_September,0.01,Dry,1,moderate,"(60,65]","(60,70]","(60,80]",39.80000000000001,0.6123511904761905,0.6330498177,1.5796545105566218,10.694188831479469,-0.043,63.30498177,local,1.1299716518133751,0.20529880951587087,0.7153283481866248
2020_September_ADFA_1.6_4,2020_September_ADFA_1.6,1.6,4,ADFA,EPI,-3.996,0,10.5,19,29,48,10,152,113,1,277.9,333.8,253.3,20,0.537,1,2020_September,2020,September,0.3004,0.5198,0.2194,St. Marys,73.03595206,73.03595206,"(70,80]",2020_September,0.01,Dry,1,moderate,"(70,75]","(70,80]","(60,80]",55.900000000000034,0.5779145825317429,0.7303595206,1.3691886964448494,9.743481978275026,-0.043,73.03595206,local,0.31034013082656714,2020_September_ADFA_1.6,1.6,4,ADFA,HP,-3.996,0,21,50,15,65,24,145,106,1,263.9,311.4,297.3,NA,1.3616,1,2020_September,2020,September,0.3004,0.5198,0.2194,St. Marys,73.03595206,73.03595206,"(70,80]",2020_September,0.01,Dry,1,moderate,"(70,75]","(70,80]","(60,80]",47.5,0.5779145825317429,0.7303595206,1.3691886964448494,17.72968369623587,-0.043,73.03595206,local,0.7868884955930238,0.2266598691734329,0.5747115044069762
2020_September_ADFA_1.6_6,2020_September_ADFA_1.6,1.6,6,ADFA,EPI,-6.912,0,15,5,46,51,11,184,127,1,268.2,363.8,275.4,100,0.4927,1,2020_September,2020,September,0.3416,0.5316,0.19,St. Marys,55.6206089,55.6206089,"(50,60]",2020_September,0.01,Dry,1,dry,"(55,60]","(50,60]","(40,60]",95.60000000000002,0.6425884123401054,0.556206089,1.7978947368421052,10.330758838522446,-0.043,55.6206089,local,0.31660331075854053,2020_September_ADFA_1.6,1.6,6,ADFA,HP,-6.912,0,25,64,51,115,13,161,97,1,258.4,300.15,255.3,50,1.6107,1,2020_September,2020,September,0.3416,0.5316,0.19,St. Marys,55.6206089,55.6206089,"(50,60]",2020_September,0.01,Dry,1,dry,"(55,60]","(50,60]","(40,60]",41.75,0.6425884123401054,0.556206089,1.7978947368421052,13.238655725341042,-0.043,55.6206089,local,1.0350171557515349,0.1760966892414595,0.5756828442484652
2020_September_ADFA_1.6_6,2020_September_ADFA_1.6,1.6,6,ADFA,EPI,-6.912,0,13,27,12,39,10,131,109,1,278.8,418.6,260.8,NA,0.5509,1,2020_September,2020,September,0.3416,0.5316,0.19,St. Marys,55.6206089,55.6206089,"(50,60]",2020_September,0.01,Dry,1,dry,"(55,60]","(50,60]","(40,60]",139.8,0.6425884123401054,0.556206089,1.7978947368421052,11.224894569630916,-0.043,55.6206089,local,0.3540019563565658,2020_September_ADFA_1.6,1.6,6,ADFA,HP,-6.912,0,25,64,51,115,13,161,97,1,258.4,300.15,255.3,50,1.6107,1,2020_September,2020,September,0.3416,0.5316,0.19,St. Marys,55.6206089,55.6206089,"(50,60]",2020_September,0.01,Dry,1,dry,"(55,60]","(50,60]","(40,60]",41.75,0.6425884123401054,0.556206089,1.7978947368421052,13.238655725341042,-0.043,55.6206089,local,1.0350171557515349,0.19689804364343416,0.5756828442484652
2020_September_ADFA_2.1_1,2020_September_ADFA_2.1,2.1,1,ADFA,EPI,-0.319,0,2.5,16,56,72,2,183,125,1,255.5,267.7,255.2,NA,0.5291,1,2020_September,2020,September,0.2494,0.4859,0.2365,Painted Caves,94.82758621,94.82758621,"(90,100]",2020_September,0.01,Dry,1,hydrated,"(90,95]","(90,100]","(80,100]",12.199999999999989,0.5132743362831859,0.9482758621,1.0545454545454547,6.494021430953915,-0.043,94.82758621,local,0.2715734513231077,2020_September_ADFA_2.1,2.1,1,ADFA,HP,-0.319,0,29,19,127,146,24,270,119,1,302.7,345.3,310.4,NA,2.4873,1,2020_September,2020,September,0.2494,0.4859,0.2365,Painted Caves,94.82758621,94.82758621,"(90,100]",2020_September,0.01,Dry,1,hydrated,"(90,95]","(90,100]","(80,100]",42.60000000000002,0.5132743362831859,0.9482758621,1.0545454545454547,12.080100235000357,-0.043,94.82758621,local,1.2766672566168316,0.25752654867689234,1.2106327433831683
2020_September_ADFA_2.1_2,2020_September_ADFA_2.1,2.1,2,ADFA,EPI,-7.86,0,5.5,26,29,55,7,189,153,1,267.7,280.9,258.5,60,0.5387,1,2020_September,2020,September,0.3104,0.484,0.1736,Painted Caves,55.92783505,55.92783505,"(50,60]",2020_September,0.01,Dry,1,dry,"(55,60]","(50,60]","(40,60]",13.199999999999989,0.6413223140495868,0.5592783505,1.7880184331797235,8.069039095403618,-0.043,55.92783505,local,0.3454803305819386,2020_September_ADFA_2.1,2.1,2,ADFA,HP,-7.86,0,23,85,0.5,85,6,118,112,1,270.4,297.7,271.9,100,1.5,1,2020_September,2020,September,0.3104,0.484,0.1736,Painted Caves,55.92783505,55.92783505,"(50,60]",2020_September,0.01,Dry,1,dry,"(55,60]","(50,60]","(40,60]",27.30000000000001,0.6413223140495868,0.5592783505,1.7880184331797235,15.425386200043972,-0.043,55.92783505,local,0.9619834710839205,0.19321966941806135,0.5380165289160795
2020_September_ADFA_2.1_4,2020_September_ADFA_2.1,2.1,4,ADFA,EPI,-1.13,0,6.5,18,13,31,20,143,110,1,277.7,416,253.5,75,0.5216,1,2020_September,2020,September,0.2531,0.4841,0.231,Painted Caves,91.26827341,91.26827341,"(90,100]",2020_September,0.01,Dry,1,hydrated,"(90,95]","(90,100]","(80,100]",138.3,0.5228258624251187,0.9126827341000001,1.0956709956709956,10.706115370865376,-0.043,91.26827341,local,0.27270596984054196,2020_September_ADFA_2.1,2.1,4,ADFA,HP,-1.13,Temp probe turned off,24,94,0.5,94,17,86,69,1,256.5,300.15,302.6,NA,1.2584,1,2020_September,2020,September,0.2531,0.4841,0.231,Painted Caves,91.26827341,91.26827341,"(90,100]",2020_September,0.01,Dry,1,hydrated,"(90,95]","(90,100]","(80,100]",43.64999999999998,0.5228258624251187,0.9126827341000001,1.0956709956709956,14.69380245317629,-0.043,91.26827341,local,0.6579240652748044,0.248894030159458,0.6004759347251956
2020_September_ADFA_2.1_5,2020_September_ADFA_2.1,2.1,5,ADFA,EPI,-5.068,0,5,12,29,41,5,148,114,1,279.4,297.6,266.9,NA,0.5721,1,2020_September,2020,September,0.3336,0.5588,0.2252,Painted Caves,67.5059952,67.5059952,"(60,70]",2020_September,0.01,Dry,1,moderate,"(65,70]","(60,70]","(60,80]",18.200000000000045,0.5969935576234789,0.675059952,1.4813499111900532,9.024915819541274,-0.043,67.5059952,local,0.3415400143242157,2020_September_ADFA_2.1,2.1,5,ADFA,HP,-5.068,0,24,99,10,109,10,129,109,1,259.5,325.4,300.2,NA,1.6817,1,2020_September,2020,September,0.3336,0.5588,0.2252,Painted Caves,67.5059952,67.5059952,"(60,70]",2020_September,0.01,Dry,1,moderate,"(65,70]","(60,70]","(60,80]",65.89999999999998,0.5969935576234789,0.675059952,1.4813499111900532,13.507013454332688,-0.043,67.5059952,local,1.0039640658784015,0.23055998567578434,0.6777359341215985
2020_September_ADFA_2.1_6,2020_September_ADFA_2.1,2.1,6,ADFA,EPI,-9.016,0,16,11,30,41,6,201,165,1,282.1,375.4,292.5,NA,0.549,1,2020_September,2020,September,0.3668,0.5069,0.1401,Painted Caves,38.19520174,38.19520174,"(30,40]",2020_September,0.01,Dry,1,dry,"(35,40]","(30,40]","(20,40]",93.29999999999995,0.723614125073979,0.3819520174,2.6181299072091364,11.549149170929716,-0.043,38.19520174,local,0.3972641546794706,2020_September_ADFA_2.1,2.1,6,ADFA,HP,-9.016,0,27,59,0.5,59,19,100,81,1,251.5,300.15,289.1,NA,1.1469,1,2020_September,2020,September,0.3668,0.5069,0.1401,Painted Caves,38.19520174,38.19520174,"(30,40]",2020_September,0.01,Dry,1,dry,"(35,40]","(30,40]","(20,40]",48.64999999999998,0.723614125073979,0.3819520174,2.6181299072091364,19.956066691349033,-0.043,38.19520174,local,0.829913040076293,0.15173584532052942,0.31698695992370707
2020_September_ADFA_2.2_2,2020_September_ADFA_2.2,2.2,2,ADFA,EPI,-0.873,0,12.5,13,26,39,9,171,136,1,281.9,267.8,259.1,50,0.5533,1,2020_September,2020,September,0.2947,0.518,0.2233,Painted Caves,75.7719715,75.7719715,"(70,80]",2020_September,0.01,Dry,1,moderate,"(75,80]","(70,80]","(60,80]",-14.099999999999966,0.5689189189189189,0.757719715,1.3197492163009406,11.12015292664172,-0.043,75.7719715,local,0.3147828378314571,2020_September_ADFA_2.2,2.2,2,ADFA,HP,-0.873,0,25,85,0.5,85,14,100,86,1,263.9,328.1,302.7,NA,1.7564,1,2020_September,2020,September,0.2947,0.518,0.2233,Painted Caves,75.7719715,75.7719715,"(70,80]",2020_September,0.01,Dry,1,moderate,"(75,80]","(70,80]","(60,80]",64.20000000000005,0.5689189189189189,0.757719715,1.3197492163009406,15.733478384827803,-0.043,75.7719715,local,0.9992491891689341,0.2385171621685429,0.7571508108310658
2020_September_ADFA_2.2_4,2020_September_ADFA_2.2,2.2,4,ADFA,EPI,-3.488,0,6,6,19,25,4,109,86,1,276.3,332.5,252.5,NA,0.4705,1,2020_September,2020,September,0.3487,0.5759,0.2272,Painted Caves,65.15629481,65.15629481,"(60,70]",2020_September,0.01,Dry,1,moderate,"(65,70]","(60,70]","(60,80]",56.19999999999999,0.6054870637263414,0.6515629481,1.5347711267605633,11.610217129514195,-0.043,65.15629481,local,0.28488166348202176,2020_September_ADFA_2.2,2.2,4,ADFA,HP,-3.488,0,17,72,15,87,14,98,69,1,268.3,324.7,308.4,NA,0.9893,1,2020_September,2020,September,0.3487,0.5759,0.2272,Painted Caves,65.15629481,65.15629481,"(60,70]",2020_September,0.01,Dry,1,moderate,"(65,70]","(60,70]","(60,80]",56.39999999999998,0.6054870637263414,0.6515629481,1.5347711267605633,14.21670612435368,-0.043,65.15629481,local,0.5990083521419004,0.1856183365179782,0.39029164785809956
2020_September_ADFA_2.2_7,2020_September_ADFA_2.2,2.2,7,ADFA,EPI,-4.973,0,5,18,19,37,15,143,109,1,269.5,343.5,271,NA,0.538,1,2020_September,2020,September,0.2869,0.4828,0.1959,Painted Caves,68.28163123,68.28163123,"(60,70]",2020_September,0.01,Dry,1,moderate,"(65,70]","(60,70]","(60,80]",74,0.594241922120961,0.6828163123000001,1.4645227156712608,9.446982987432012,-0.043,68.28163123,local,0.31970215410182534,2020_September_ADFA_2.2,2.2,7,ADFA,HP,-4.973,0,12,38,52,90,5,124,67,1,249.4,238.7,238.5,NA,0.7205,1,2020_September,2020,September,0.2869,0.4828,0.1959,Painted Caves,68.28163123,68.28163123,"(60,70]",2020_September,0.01,Dry,1,moderate,"(65,70]","(60,70]","(60,80]",-10.700000000000015,0.594241922120961,0.6828163123000001,1.4645227156712608,13.00766935470331,-0.043,68.28163123,local,0.4281513048891546,0.2182978458981747,0.29234869511084544
2020_September_ADFA_2.3_1,2020_September_ADFA_2.3,2.3,1,ADFA,EPI,-0.106,0,6,11,NA,NA,NA,107,NA,0,257.9,NA,NA,100,0.4885,1,2020_September,2020,September,0.25,0.4891,0.2391,Painted Caves,95.64,95.64,"(90,100]",2020_September,0.01,Dry,1,hydrated,"(95,100]","(90,100]","(80,100]",NA,0.5111429155591903,0.9564,1.0455876202425762,NA,-0.043,95.64,local,0.24969331425066446,2020_September_ADFA_2.3,2.3,1,ADFA,HP,-0.106,0,32,9,15,192,9,131,146,1,302.3,327.1,327.2,100,2.9088,1,2020_September,2020,September,0.25,0.4891,0.2391,Painted Caves,95.64,95.64,"(90,100]",2020_September,0.01,Dry,1,hydrated,"(95,100]","(90,100]","(80,100]",24.80000000000001,0.5111429155591903,0.9564,1.0455876202425762,10.818982955756123,-0.043,95.64,local,1.4868125127785727,0.23880668574933553,1.421987487221427
2020_September_ADFA_2.3_2,2020_September_ADFA_2.3,2.3,2,ADFA,EPI,-0.746,0,4,8,49,57,3,154,102,1,276.3,282.4,261.4,NA,0.4826,1,2020_September,2020,September,0.2813,0.4623,0.181,Painted Caves,64.3441166,64.3441166,"(60,70]",2020_September,0.01,Dry,1,moderate,"(60,65]","(60,70]","(60,80]",6.099999999999966,0.6084793424183431,0.6434411660000001,1.5541436464088398,7.561977689629641,-0.043,64.3441166,local,0.29365213065376017,2020_September_ADFA_2.3,2.3,2,ADFA,HP,-0.746,0,21,59,19,78,24,111,68,1,294,296.7,291.4,NA,1.1064,1,2020_September,2020,September,0.2813,0.4623,0.181,Painted Caves,64.3441166,64.3441166,"(60,70]",2020_September,0.01,Dry,1,moderate,"(60,65]","(60,70]","(60,80]",2.6999999999999886,0.6084793424183431,0.6434411660000001,1.5541436464088398,15.890324245859036,-0.043,64.3441166,local,0.6732215444577709,0.1889478693462398,0.4331784555422291
2020_September_ADFA_2.3_5,2020_September_ADFA_2.3,2.3,5,ADFA,EPI,-2.087,0,9,21,33,54,15,170,122,1,278.3,259.2,285.6,NA,0.5393,1,2020_September,2020,September,0.2869,0.5366,0.2497,Painted Caves,87.03380969,87.03380969,"(80,90]",2020_September,0.01,Dry,1,moderate,"(85,90]","(80,90]","(80,100]",-19.100000000000023,0.5346626910175177,0.8703380969,1.1489787745294353,8.949807826195785,-0.043,87.03380969,local,0.2883435892654196,2020_September_ADFA_2.3,2.3,5,ADFA,HP,-2.087,0,23,77,20,97,29,133,84,1,251.8,331.9,247.8,NA,2.8367,1,2020_September,2020,September,0.2869,0.5366,0.2497,Painted Caves,87.03380969,87.03380969,"(80,90]",2020_September,0.01,Dry,1,moderate,"(85,90]","(80,90]","(80,100]",80.09999999999997,0.5346626910175177,0.8703380969,1.1489787745294353,14.286167683781043,-0.043,87.03380969,local,1.5166776556076687,0.2509564107345804,1.3200223443923313
2020_September_ADFA_2.4_1,2020_September_ADFA_2.4,2.4,1,ADFA,EPI,-0.116,0,8,9,42,51,13,172,117,1,235.6,290.7,219.8,40,0.4631,1,2020_September,2020,September,0.299,0.6217,0.3227,Painted Caves,107.9264214,107.9264214,"(100,110]",2020_September,0.01,Dry,1,hydrated,"(105,110]","(100,110]","(100,120]",55.099999999999994,0.48093935981984876,1.079264214,0.9265571738456772,8.946408996484942,-0.043,107.9264214,local,0.22272301753758744,2020_September_ADFA_2.4,2.4,1,ADFA,HP,-0.116,0,17,6,120,126,9,227,98,1,265.8,316.8,314,NA,2.5587,1,2020_September,2020,September,0.299,0.6217,0.3227,Painted Caves,107.9264214,107.9264214,"(100,110]",2020_September,0.01,Dry,1,hydrated,"(105,110]","(100,110]","(100,120]",51,0.48093935981984876,1.079264214,0.9265571738456772,11.536782762317785,-0.043,107.9264214,local,1.2305795399987582,0.24037698246241257,1.3281204600012417
2020_September_ADFA_2.4_1,2020_September_ADFA_2.4,2.4,1,ADFA,EPI,-0.116,0,NA,23,NA,NA,NA,159,NA,0,265.5,NA,NA,40,0.5342,1,2020_September,2020,September,0.299,0.6217,0.3227,Painted Caves,107.9264214,107.9264214,"(100,110]",2020_September,0.01,Dry,1,hydrated,"(105,110]","(100,110]","(100,120]",NA,0.48093935981984876,1.079264214,0.9265571738456772,NA,-0.043,107.9264214,local,0.25691780602154873,2020_September_ADFA_2.4,2.4,1,ADFA,HP,-0.116,0,17,6,120,126,9,227,98,1,265.8,316.8,314,NA,2.5587,1,2020_September,2020,September,0.299,0.6217,0.3227,Painted Caves,107.9264214,107.9264214,"(100,110]",2020_September,0.01,Dry,1,hydrated,"(105,110]","(100,110]","(100,120]",51,0.48093935981984876,1.079264214,0.9265571738456772,11.536782762317785,-0.043,107.9264214,local,1.2305795399987582,0.2772821939784513,1.3281204600012417
2020_September_ADFA_2.4_2,2020_September_ADFA_2.4,2.4,2,ADFA,EPI,-1.957,0,NA,3,NA,NA,NA,133,NA,0,281.4,NA,NA,NA,0.54,1,2020_September,2020,September,0.2862,0.4942,0.208,Painted Caves,72.67645003,72.67645003,"(70,80]",2020_September,0.01,Dry,1,moderate,"(70,75]","(70,80]","(60,80]",NA,0.5791177660866047,0.7267645003,1.3759615384615387,NA,-0.043,72.67645003,local,0.3127235936957142,2020_September_ADFA_2.4,2.4,2,ADFA,HP,-1.957,Glowed past end of video,25,64,35,99,12,80,33,1,273.8,312.8,304.7,NA,1.9098,1,2020_September,2020,September,0.2862,0.4942,0.208,Painted Caves,72.67645003,72.67645003,"(70,80]",2020_September,0.01,Dry,1,moderate,"(70,75]","(70,80]","(60,80]",39,0.5791177660866047,0.7267645003,1.3759615384615387,14.402160463397648,-0.043,72.67645003,local,1.1059991097038424,0.22727640630428586,0.8038008902961575
2020_September_ADFA_2.4_3,2020_September_ADFA_2.4,2.4,3,ADFA,EPI,-3.444,0,9,13,22,35,8,50,20,1,267.5,339.2,249,NA,0.5341,1,2020_September,2020,September,0.3605,0.6467,0.2862,Painted Caves,79.38973648,79.38973648,"(70,80]",2020_September,0.01,Dry,1,moderate,"(75,80]","(70,80]","(60,80]",71.69999999999999,0.5574454925003866,0.7938973648,1.2596086652690426,10.8292674696969,-0.043,79.38973648,local,0.29773163753966847,2020_September_ADFA_2.4,2.4,3,ADFA,HP,-3.444,0,26,43,34,77,23,146,89,1,295.8,312.7,297.2,NA,2.5541,1,2020_September,2020,September,0.3605,0.6467,0.2862,Painted Caves,79.38973648,79.38973648,"(70,80]",2020_September,0.01,Dry,1,moderate,"(75,80]","(70,80]","(60,80]",16.899999999999977,0.5574454925003866,0.7938973648,1.2596086652690426,16.839189411286295,-0.043,79.38973648,local,1.4237715323723408,0.23636836246033155,1.1303284676276593
2020_September_ADFA_2.4_4,2020_September_ADFA_2.4,2.4,4,ADFA,EPI,-6.166,0,16,10,11,21,9,120,100,1,289.6,379.1,263.7,20,0.4544,1,2020_September,2020,September,0.3339,0.5422,0.2083,Painted Caves,62.38394729,62.38394729,"(60,70]",2020_September,0.01,Dry,1,moderate,"(60,65]","(60,70]","(60,80]",89.5,0.6158244190335669,0.6238394729,1.6029764762361975,15.53957090821181,-0.043,62.38394729,local,0.27983061600817677,2020_September_ADFA_2.4,2.4,4,ADFA,HP,-6.166,0,26,80,9,89,13,129,107,1,284.7,307,295.2,NA,1.7187,1,2020_September,2020,September,0.3339,0.5422,0.2083,Painted Caves,62.38394729,62.38394729,"(60,70]",2020_September,0.01,Dry,1,moderate,"(60,65]","(60,70]","(60,80]",22.30000000000001,0.6158244190335669,0.6238394729,1.6029764762361975,15.460652347094864,-0.043,62.38394729,local,1.0584174289904342,0.17456938399182326,0.6602825710095657
2020_September_ADFA_2.4_5,2020_September_ADFA_2.4,2.4,5,ADFA,EPI,-1.059,0,14,24,18,42,7,130,105,1,266.8,330.7,257.1,NA,0.5782,1,2020_September,2020,September,0.3007,0.575,0.2743,Painted Caves,91.22048553,91.22048553,"(90,100]",2020_September,0.01,Dry,1,hydrated,"(90,95]","(90,100]","(80,100]",63.89999999999998,0.5229565217391305,0.9122048553000001,1.096244987240248,11.05786701272442,-0.043,91.22048553,local,0.30237346087550226,2020_September_ADFA_2.4,2.4,5,ADFA,HP,-1.059,Glowed past end of video ; Temp probes turned off,33,125,0.5,125,19,29,10,1,265.4,300.15,289.1,20,2.3566,1,2020_September,2020,September,0.3007,0.575,0.2743,Painted Caves,91.22048553,91.22048553,"(90,100]",2020_September,0.01,Dry,1,hydrated,"(90,95]","(90,100]","(80,100]",34.75,0.5229565217391305,0.9122048553000001,1.096244987240248,13.538522680117484,-0.043,91.22048553,local,1.2323993391546326,0.2758265391244978,1.1242006608453672
2020_September_ADFA_2.5_1,2020_September_ADFA_2.5,2.5,1,ADFA,EPI,-0.151,0,10.5,17,17,34,11,107,79,1,273.5,316.5,247,100,0.4862,1,2020_September,2020,September,0.2532,0.4943,0.2411,Painted Caves,95.22116904,95.22116904,"(90,100]",2020_September,0.01,Dry,1,hydrated,"(95,100]","(90,100]","(80,100]",43,0.5122395306494031,0.9522116904000001,1.0501866445458314,11.352540388746055,-0.043,95.22116904,local,0.24905085979706418,2020_September_ADFA_2.5,2.5,1,ADFA,HP,-0.151,0,23,68,72,140,9,227,146,1,267,351.9,308.3,100,3.0939,1,2020_September,2020,September,0.2532,0.4943,0.2411,Painted Caves,95.22116904,95.22116904,"(90,100]",2020_September,0.01,Dry,1,hydrated,"(95,100]","(90,100]","(80,100]",84.89999999999998,0.5122395306494031,0.9522116904000001,1.0501866445458314,11.676236738736064,-0.043,95.22116904,local,1.5848178838464353,0.23714914020293584,1.5090821161535648
2020_September_ADFA_2.5_10,2020_September_ADFA_2.5,2.5,10,ADFA,EPI,-8.821,0,12,7,18,25,8,119,93,1,280.8,359.2,264.2,NA,0.498,1,2020_September,2020,September,0.381,0.5802,0.1992,Painted Caves,52.28346457,52.28346457,"(50,60]",2020_September,0.01,Dry,1,dry,"(50,55]","(50,60]","(40,60]",78.39999999999998,0.656670113753878,0.5228346457,1.9126506024096388,13.430708454466416,-0.043,52.28346457,local,0.3270217166428367,2020_September_ADFA_2.5,2.5,10,ADFA,HP,-8.821,0,23,108,9,117,10,143,124,1,254.4,260.9,252.2,NA,0.9393,1,2020_September,2020,September,0.381,0.5802,0.1992,Painted Caves,52.28346457,52.28346457,"(50,60]",2020_September,0.01,Dry,1,dry,"(50,55]","(50,60]","(40,60]",6.499999999999972,0.656670113753878,0.5228346457,1.9126506024096388,12.856646379590115,-0.043,52.28346457,local,0.6168102378365793,0.1709782833571633,0.32248976216342073
2020_September_ADFA_2.5_2,2020_September_ADFA_2.5,2.5,2,ADFA,EPI,-2.04,no second weight,5.5,20,41,61,3,160,116,1,277.5,281.2,266.7,NA,0.5382,1,2020_September,2020,September,0.2744,0.495,0.2206,Painted Caves,80.39358601,80.39358601,"(80,90]",2020_September,0.01,Dry,1,moderate,"(80,85]","(80,90]","(80,100]",3.6999999999999886,0.5543434343434342,0.8039358601000001,1.2438803263825928,7.725675729641761,-0.043,80.39358601,local,0.2983476363567412,2020_September_ADFA_2.5,2.5,2,ADFA,HP,-2.04,flam. Wt. approx,22,80,0.5,80,14,61,47,1,298.2,316.5,288.8,50,2,1,2020_September,2020,September,0.2744,0.495,0.2206,Painted Caves,80.39358601,80.39358601,"(80,90]",2020_September,0.01,Dry,1,moderate,"(80,85]","(80,90]","(80,100]",18.30000000000001,0.5543434343434342,0.8039358601000001,1.2438803263825928,15.822168409173065,-0.043,80.39358601,local,1.1086868686612457,0.2398523636432588,0.8913131313387543
2020_September_ADFA_2.5_4,2020_September_ADFA_2.5,2.5,4,ADFA,EPI,-3.549,0,13,15,17,32,16,111,78,1,281.6,289.4,274,NA,0.5363,1,2020_September,2020,September,0.2627,0.4468,0.1841,Painted Caves,70.07993909,70.07993909,"(70,80]",2020_September,0.01,Dry,1,moderate,"(70,75]","(70,80]","(60,80]",7.799999999999955,0.5879588182632051,0.7007993909,1.4269418794133621,12.26313425611633,-0.043,70.07993909,local,0.3153223142420165,2020_September_ADFA_2.5,2.5,4,ADFA,HP,-3.549,0,18,66,65,131,13,140,62,1,252.4,300.1,293.9,NA,1.3324,1,2020_September,2020,September,0.2627,0.4468,0.1841,Painted Caves,70.07993909,70.07993909,"(70,80]",2020_September,0.01,Dry,1,moderate,"(70,75]","(70,80]","(60,80]",47.70000000000002,0.5879588182632051,0.7007993909,1.4269418794133621,11.438812570775037,-0.043,70.07993909,local,0.7833963294724273,0.2209776857579835,0.5490036705275727
2020_September_ADFA_2.5_5,2020_September_ADFA_2.5,2.5,5,ADFA,EPI,-1.16,0,4,14,25,39,4,85,56,1,276.7,315.4,281.3,100,0.5147,1,2020_September,2020,September,0.2827,0.5281,0.2454,Painted Caves,86.8058012,86.8058012,"(80,90]",2020_September,0.01,Dry,1,moderate,"(85,90]","(80,90]","(80,100]",38.69999999999999,0.535315281196743,0.8680580120000001,1.1519967400162998,8.920453687101297,-0.043,86.8058012,local,0.2755267752359288,2020_September_ADFA_2.5,2.5,5,ADFA,HP,-1.16,0,25,79,0.5,79,33,92,59,1,251.9,286.4,277.7,NA,1.1196,1,2020_September,2020,September,0.2827,0.5281,0.2454,Painted Caves,86.8058012,86.8058012,"(80,90]",2020_September,0.01,Dry,1,moderate,"(85,90]","(80,90]","(80,100]",34.49999999999997,0.535315281196743,0.8680580120000001,1.1519967400162998,16.428756830914274,-0.043,86.8058012,local,0.5993389888364986,0.23917322476407127,0.5202610111635013
2020_September_ADFA_2.5_7,2020_September_ADFA_2.5,2.5,7,ADFA,EPI,-4.878,0,18,18,26,44,2,92,64,1,281.2,295.9,284.9,20,0.4354,1,2020_September,2020,September,0.3248,0.5298,0.205,Painted Caves,63.11576355,63.11576355,"(60,70]",2020_September,0.01,Dry,1,moderate,"(60,65]","(60,70]","(60,80]",14.699999999999989,0.6130615326538316,0.6311576354999999,1.584390243902439,11.527043966083824,-0.043,63.11576355,local,0.2669269913122385,2020_September_ADFA_2.5,2.5,7,ADFA,HP,-4.878,0,19,91,0.5,91,9,87,78,1,240,240,234.5,50,0.8633,1,2020_September,2020,September,0.3248,0.5298,0.205,Painted Caves,63.11576355,63.11576355,"(60,70]",2020_September,0.01,Dry,1,moderate,"(60,65]","(60,70]","(60,80]",0,0.6130615326538316,0.6311576354999999,1.584390243902439,14.18872632170858,-0.043,63.11576355,local,0.5292560211296635,0.1684730086877615,0.33404397887033643
2020_September_ADFA_2.6_7,2020_September_ADFA_2.6,2.6,7,ADFA,EPI,-4.28,Missing these yellow lower videos,10,26,18,44,1,112,93,1,269.4,212.6,278.1,NA,0.5291,1,2020_September,2020,September,0.2696,0.4738,0.2042,Painted Caves,75.74183976,75.74183976,"(70,80]",2020_September,0.01,Dry,1,moderate,"(75,80]","(70,80]","(60,80]",-56.79999999999998,0.5690164626424652,0.7574183976000001,1.3202742409402548,10.010944801544412,-0.043,75.74183976,local,0.3010666103886018,2020_September_ADFA_2.6,2.6,7,ADFA,HP,-4.28,0,22,118,0.5,118,10,101,91,1,234.8,293.2,259,NA,1.8029,1,2020_September,2020,September,0.2696,0.4738,0.2042,Painted Caves,75.74183976,75.74183976,"(70,80]",2020_September,0.01,Dry,1,moderate,"(75,80]","(70,80]","(60,80]",58.39999999999998,0.5690164626424652,0.7574183976000001,1.3202742409402548,12.664497923885236,-0.043,75.74183976,local,1.0258797805133437,0.22803338961139824,0.7770202194866562
2020_September_ADFA_2.6_7,2020_September_ADFA_2.6,2.6,7,ADFA,EPI,-4.28,0,NA,19,NA,NA,NA,173,NA,0,273.5,NA,NA,NA,0.5433,1,2020_September,2020,September,0.2696,0.4738,0.2042,Painted Caves,75.74183976,75.74183976,"(70,80]",2020_September,0.01,Dry,1,moderate,"(75,80]","(70,80]","(60,80]",NA,0.5690164626424652,0.7574183976000001,1.3202742409402548,NA,-0.043,75.74183976,local,0.30914664415824483,2020_September_ADFA_2.6,2.6,7,ADFA,HP,-4.28,0,22,118,0.5,118,10,101,91,1,234.8,293.2,259,NA,1.8029,1,2020_September,2020,September,0.2696,0.4738,0.2042,Painted Caves,75.74183976,75.74183976,"(70,80]",2020_September,0.01,Dry,1,moderate,"(75,80]","(70,80]","(60,80]",58.39999999999998,0.5690164626424652,0.7574183976000001,1.3202742409402548,12.664497923885236,-0.043,75.74183976,local,1.0258797805133437,0.23415335584175517,0.7770202194866562
2020_September_ADFA_2.6_9,2020_September_ADFA_2.6,2.6,9,ADFA,EPI,-5.779,0,6.75,9,37,46,2,138,99,1,278,299.6,275.7,20,0.502,1,2020_September,2020,September,0.3165,0.5595,0.243,Painted Caves,76.77725118,76.77725118,"(70,80]",2020_September,0.01,Dry,1,moderate,"(75,80]","(70,80]","(60,80]",21.600000000000023,0.5656836461126006,0.7677725118,1.3024691358024691,9.045977076803476,-0.043,76.77725118,local,0.283973190356291,2020_September_ADFA_2.6,2.6,9,ADFA,HP,-5.779,Glowed past end of video,30.5,176,32,96,28,158,98,1,229.9,264.7,245.5,NA,2.6022,1,2020_September,2020,September,0.3165,0.5595,0.243,Painted Caves,76.77725118,76.77725118,"(70,80]",2020_September,0.01,Dry,1,moderate,"(75,80]","(70,80]","(60,80]",34.79999999999998,0.5656836461126006,0.7677725118,1.3024691358024691,NA,-0.043,76.77725118,local,1.4720219839544628,0.21802680964370902,1.130178016045537
2020_September_CEME_1.2_1,2020_September_CEME_1.2,1.2,1,CEME,EPI,-1.88,0,13,21,29,50,4,125,92,1,275.5,300.5,270,100,0.4698,1,2020_September,2020,September,0.3114,0.534,0.2226,St. Marys,71.48362235,71.48362235,"(70,80]",2020_September,0.01,Dry,1,moderate,"(70,75]","(70,80]","(60,80]",25,0.5831460674157303,0.7148362235000001,1.398921832884097,8.304183875884508,-0.043,71.48362235,local,0.27396202247298745,2020_September_CEME_1.2,1.2,1,CEME,HP,-1.88,0,22,81,48,129,13,224,163,1,265.4,320.9,315.6,100,1.93,1,2020_September,2020,September,0.3114,0.534,0.2226,St. Marys,71.48362235,71.48362235,"(70,80]",2020_September,0.01,Dry,1,moderate,"(70,75]","(70,80]","(60,80]",55.5,0.5831460674157303,0.7148362235000001,1.398921832884097,12.066965895099598,-0.043,71.48362235,local,1.1254719101167854,0.19583797752701254,0.8045280898832146
2020_September_CEME_1.2_2,2020_September_CEME_1.2,1.2,2,CEME,EPI,-1.089,0,15,22,24,46,7,92,61,1,277.6,339.1,263.6,100,0.5451,1,2020_September,2020,September,0.2818,0.5115,0.2297,St. Marys,81.51171043,81.51171043,"(80,90]",2020_September,0.01,Dry,1,moderate,"(80,85]","(80,90]","(80,100]",61.5,0.550928641251222,0.8151171043,1.2268175881584675,8.868617637055145,-0.043,81.51171043,local,0.3003112023508907,2020_September_CEME_1.2,1.2,2,CEME,HP,-1.089,0,17,73,42,115,17,160,101,1,274.3,320.5,315.5,100,1.8135,1,2020_September,2020,September,0.2818,0.5115,0.2297,St. Marys,81.51171043,81.51171043,"(80,90]",2020_September,0.01,Dry,1,moderate,"(80,85]","(80,90]","(80,100]",46.19999999999999,0.550928641251222,0.8151171043,1.2268175881584675,12.126662323855903,-0.043,81.51171043,local,0.9991090909252252,0.24478879764910932,0.8143909090747747
2020_September_CEME_1.4_1,2020_September_CEME_1.4,1.4,1,CEME,EPI,-0.192,0,10.25,22,19,41,6,128,103,1,274.5,367.1,265,100,0.5123,1,2020_September,2020,September,0.2367,0.4892,0.2525,St. Marys,106.6751162,106.6751162,"(100,110]",2020_September,0.01,Dry,1,hydrated,"(105,110]","(100,110]","(100,120]",92.60000000000002,0.4838511856091578,1.066751162,0.9374257425742574,8.565038365558763,-0.043,106.6751162,local,0.24787696236456738,2020_September_CEME_1.4,1.4,1,CEME,HP,-0.192,0,17,38,48,86,19,164,97,1,274.7,311.4,304.5,100,1.9752,1,2020_September,2020,September,0.2367,0.4892,0.2525,St. Marys,106.6751162,106.6751162,"(100,110]",2020_September,0.01,Dry,1,hydrated,"(105,110]","(100,110]","(100,120]",36.69999999999999,0.4838511856091578,1.066751162,0.9374257425742574,14.31332707597205,-0.043,106.6751162,local,0.9557028617265149,0.2644230376354326,1.0194971382734852
2020_September_CEME_1.4_3,2020_September_CEME_1.4,1.4,3,CEME,EPI,-3.17,0,16,23,28,51,8,127,91,1,274.1,427.2,263.2,100,0.5593,1,2020_September,2020,September,0.2864,0.5092,0.2228,St. Marys,77.79329609,77.79329609,"(70,80]",2020_September,0.01,Dry,1,moderate,"(75,80]","(70,80]","(60,80]",153.09999999999997,0.5624509033778476,0.7779329609,1.2854578096947935,8.636067363862477,-0.043,77.79329609,local,0.3145787902581429,2020_September_CEME_1.4,1.4,3,CEME,HP,-3.17,0,18,112,47,159,15,201,139,1,258.4,320.4,313.5,100,2.5259,1,2020_September,2020,September,0.2864,0.5092,0.2228,St. Marys,77.79329609,77.79329609,"(70,80]",2020_September,0.01,Dry,1,moderate,"(75,80]","(70,80]","(60,80]",62,0.5624509033778476,0.7779329609,1.2854578096947935,10.348048544505334,-0.043,77.79329609,local,1.420694736837195,0.24472120974185713,1.105205263162805
2020_September_CEME_1.6_1,2020_September_CEME_1.6,1.6,1,CEME,EPI,-0.491,0,NA,18,NA,NA,NA,108,NA,0,276.3,NA,NA,100,0.4922,1,2020_September,2020,September,0.2695,0.5355,0.266,St. Marys,98.7012987,98.7012987,"(90,100]",2020_September,0.01,Dry,1,hydrated,"(95,100]","(90,100]","(80,100]",NA,0.5032679738562092,0.987012987,1.013157894736842,NA,-0.043,98.7012987,local,0.24770849673364517,2020_September_CEME_1.6,1.6,1,CEME,HP,-0.491,0,14,84,40,124,8,177,129,1,299.4,333.6,322.7,100,1.681,1,2020_September,2020,September,0.2695,0.5355,0.266,St. Marys,98.7012987,98.7012987,"(90,100]",2020_September,0.01,Dry,1,hydrated,"(95,100]","(90,100]","(80,100]",34.200000000000045,0.5032679738562092,0.987012987,1.013157894736842,11.182234137066729,-0.043,98.7012987,local,0.8459934640578171,0.24449150326635485,0.835006535942183
2020_September_CEME_1.6_1,2020_September_CEME_1.6,1.6,1,CEME,EPI,-0.491,0,10.25,19,29,48,6,163,129,1,273.8,287,262.7,100,0.4611,1,2020_September,2020,September,0.2695,0.5355,0.266,St. Marys,98.7012987,98.7012987,"(90,100]",2020_September,0.01,Dry,1,hydrated,"(95,100]","(90,100]","(80,100]",13.199999999999989,0.5032679738562092,0.987012987,1.013157894736842,8.031096461179745,-0.043,98.7012987,local,0.23205686274661477,2020_September_CEME_1.6,1.6,1,CEME,HP,-0.491,0,14,84,40,124,8,177,129,1,299.4,333.6,322.7,100,1.681,1,2020_September,2020,September,0.2695,0.5355,0.266,St. Marys,98.7012987,98.7012987,"(90,100]",2020_September,0.01,Dry,1,hydrated,"(95,100]","(90,100]","(80,100]",34.200000000000045,0.5032679738562092,0.987012987,1.013157894736842,11.182234137066729,-0.043,98.7012987,local,0.8459934640578171,0.22904313725338524,0.835006535942183
2020_September_CEME_1.6_3,2020_September_CEME_1.6,1.6,3,CEME,EPI,-0.909,0,10.25,31,43,74,6,132,87,1,273.7,303.2,284.4,100,0.555,1,2020_September,2020,September,0.2754,0.551,0.2756,St. Marys,100.0726216,100.0726216,"(100,110]",2020_September,0.01,Dry,1,hydrated,"(100,105]","(100,110]","(100,120]",29.5,0.49981851179673314,1.0007262160000001,0.9992743105950652,6.80448508382018,-0.043,100.0726216,local,0.2773992741043785,2020_September_CEME_1.6,1.6,3,CEME,HP,-0.909,0,27,37,43,80,25,219,151,1,252.5,292.4,278,100,2.371,1,2020_September,2020,September,0.2754,0.551,0.2756,St. Marys,100.0726216,100.0726216,"(100,110]",2020_September,0.01,Dry,1,hydrated,"(100,105]","(100,110]","(100,120]",39.89999999999998,0.49981851179673314,1.0007262160000001,0.9992743105950652,16.61207713766352,-0.043,100.0726216,local,1.1850696917143808,0.27760072589562157,1.1859303082856192
2020_September_CEME_2.1_2,2020_September_CEME_2.1,2.1,2,CEME,EPI,-1.082,0,7,33,16,49,14,165,135,1,277.1,331.4,259.9,100,0.4649,1,2020_September,2020,September,0.239,0.4841,0.2451,Painted Caves,102.5523013,102.5523013,"(100,110]",2020_September,0.01,Dry,1,hydrated,"(100,105]","(100,110]","(100,120]",54.299999999999955,0.49369964883288575,1.025523013,0.9751121991024071,7.431584049217116,-0.043,102.5523013,local,0.22952096669167787,2020_September_CEME_2.1,2.1,2,CEME,HP,-1.082,0,24,80,40,120,6,219,173,1,280.3,336,307.8,100,1.6307,1,2020_September,2020,September,0.239,0.4841,0.2451,Painted Caves,102.5523013,102.5523013,"(100,110]",2020_September,0.01,Dry,1,hydrated,"(100,105]","(100,110]","(100,120]",55.69999999999999,0.49369964883288575,1.025523013,0.9751121991024071,12.807479712372794,-0.043,102.5523013,local,0.8050760171738419,0.2353790333083221,0.8256239828261581
2020_September_CEME_2.1_2,2020_September_CEME_2.1,2.1,2,CEME,EPI,-1.082,Glowed past end of video,NA,33,NA,NA,NA,142,NA,0,282.3,NA,NA,100,0.5342,1,2020_September,2020,September,0.239,0.4841,0.2451,Painted Caves,102.5523013,102.5523013,"(100,110]",2020_September,0.01,Dry,1,hydrated,"(100,105]","(100,110]","(100,120]",NA,0.49369964883288575,1.025523013,0.9751121991024071,NA,-0.043,102.5523013,local,0.2637343523482347,2020_September_CEME_2.1,2.1,2,CEME,HP,-1.082,0,24,80,40,120,6,219,173,1,280.3,336,307.8,100,1.6307,1,2020_September,2020,September,0.239,0.4841,0.2451,Painted Caves,102.5523013,102.5523013,"(100,110]",2020_September,0.01,Dry,1,hydrated,"(100,105]","(100,110]","(100,120]",55.69999999999999,0.49369964883288575,1.025523013,0.9751121991024071,12.807479712372794,-0.043,102.5523013,local,0.8050760171738419,0.2704656476517653,0.8256239828261581
2020_September_CEME_2.2_1,2020_September_CEME_2.2,2.2,1,CEME,EPI,-0.226,0,10.25,27,29,56,6,154,107,1,278.3,300.8,263.6,100,0.4924,1,2020_September,2020,September,0.2717,0.5616,0.2899,Painted Caves,106.6985646,106.6985646,"(100,110]",2020_September,0.01,Dry,1,hydrated,"(105,110]","(100,110]","(100,120]",22.5,0.4837962962962963,1.066985646,0.9372197309417041,7.554501810347169,-0.043,106.6985646,local,0.23822129628857616,2020_September_CEME_2.2,2.2,1,CEME,HP,-0.226,0,23,106,0.5,106,11,149,138,1,275.8,315.4,306.8,100,2.6981,1,2020_September,2020,September,0.2717,0.5616,0.2899,Painted Caves,106.6985646,106.6985646,"(100,110]",2020_September,0.01,Dry,1,hydrated,"(105,110]","(100,110]","(100,120]",39.599999999999966,0.4837962962962963,1.066985646,0.9372197309417041,13.583168915833983,-0.043,106.6985646,local,1.3053307869947348,0.2541787037114238,1.3927692130052653
2020_September_CEME_2.2_1,2020_September_CEME_2.2,2.2,1,CEME,EPI,-0.226,0,NA,42,NA,NA,NA,115,NA,0,279.6,NA,NA,100,0.5244,1,2020_September,2020,September,0.2717,0.5616,0.2899,Painted Caves,106.6985646,106.6985646,"(100,110]",2020_September,0.01,Dry,1,hydrated,"(105,110]","(100,110]","(100,120]",NA,0.4837962962962963,1.066985646,0.9372197309417041,NA,-0.043,106.6985646,local,0.2537027777695559,2020_September_CEME_2.2,2.2,1,CEME,HP,-0.226,0,23,106,0.5,106,11,149,138,1,275.8,315.4,306.8,100,2.6981,1,2020_September,2020,September,0.2717,0.5616,0.2899,Painted Caves,106.6985646,106.6985646,"(100,110]",2020_September,0.01,Dry,1,hydrated,"(105,110]","(100,110]","(100,120]",39.599999999999966,0.4837962962962963,1.066985646,0.9372197309417041,13.583168915833983,-0.043,106.6985646,local,1.3053307869947348,0.27069722223044407,1.3927692130052653
2020_September_CEME_2.2_3,2020_September_CEME_2.2,2.2,3,CEME,EPI,-3.56,0,NA,34,NA,NA,NA,147,NA,0,263,NA,NA,100,0.5277,1,2020_September,2020,September,0.2753,0.5072,0.2319,Painted Caves,84.23537959,84.23537959,"(80,90]",2020_September,0.01,Dry,1,moderate,"(80,85]","(80,90]","(80,100]",NA,0.5427839116719243,0.8423537958999999,1.1871496334626994,NA,-0.043,84.23537959,local,0.28642707018291,2020_September_CEME_2.2,2.2,3,CEME,HP,-3.56,0,23,106,5,111,10,114,99,1,268.8,277.6,267.2,100,2.2941,1,2020_September,2020,September,0.2753,0.5072,0.2319,Painted Caves,84.23537959,84.23537959,"(80,90]",2020_September,0.01,Dry,1,moderate,"(80,85]","(80,90]","(80,100]",8.800000000000011,0.5427839116719243,0.8423537958999999,1.1871496334626994,13.236887471433612,-0.043,84.23537959,local,1.245200571738893,0.24127292981708992,1.0488994282611068
2020_September_CEME_2.2_3,2020_September_CEME_2.2,2.2,3,CEME,EPI,-3.56,0,NA,25,NA,NA,NA,441,NA,0,271.3,NA,NA,100,0.4891,1,2020_September,2020,September,0.2753,0.5072,0.2319,Painted Caves,84.23537959,84.23537959,"(80,90]",2020_September,0.01,Dry,1,moderate,"(80,85]","(80,90]","(80,100]",NA,0.5427839116719243,0.8423537958999999,1.1871496334626994,NA,-0.043,84.23537959,local,0.2654756111928393,2020_September_CEME_2.2,2.2,3,CEME,HP,-3.56,0,23,106,5,111,10,114,99,1,268.8,277.6,267.2,100,2.2941,1,2020_September,2020,September,0.2753,0.5072,0.2319,Painted Caves,84.23537959,84.23537959,"(80,90]",2020_September,0.01,Dry,1,moderate,"(80,85]","(80,90]","(80,100]",8.800000000000011,0.5427839116719243,0.8423537958999999,1.1871496334626994,13.236887471433612,-0.043,84.23537959,local,1.245200571738893,0.22362438880716068,1.0488994282611068
2020_September_CEME_2.3_1,2020_September_CEME_2.3,2.3,1,CEME,EPI,-3.016,0,NA,31,NA,NA,NA,139,NA,0,284.5,NA,NA,100,0.4924,1,2020_September,2020,September,0.3018,0.5608,0.259,Painted Caves,85.8184228,85.8184228,"(80,90]",2020_September,0.01,Dry,1,moderate,"(85,90]","(80,90]","(80,100]",NA,0.5381597717546363,0.8581842279999999,1.1652509652509653,NA,-0.043,85.8184228,local,0.26498987160706866,2020_September_CEME_2.3,2.3,1,CEME,HP,-3.016,0,22,82,25,107,9,136,102,1,270.3,307.4,300.6,100,1.3765,1,2020_September,2020,September,0.3018,0.5608,0.259,Painted Caves,85.8184228,85.8184228,"(80,90]",2020_September,0.01,Dry,1,moderate,"(85,90]","(80,90]","(80,100]",37.099999999999966,0.5381597717546363,0.8581842279999999,1.1652509652509653,13.372035849183703,-0.043,85.8184228,local,0.7407769258065192,0.22741012839293134,0.6357230741934808
2020_September_CEME_2.3_1,2020_September_CEME_2.3,2.3,1,CEME,EPI,-3.016,0,NA,32,NA,NA,NA,116,NA,0,277,NA,NA,100,0.4625,1,2020_September,2020,September,0.3018,0.5608,0.259,Painted Caves,85.8184228,85.8184228,"(80,90]",2020_September,0.01,Dry,1,moderate,"(85,90]","(80,90]","(80,100]",NA,0.5381597717546363,0.8581842279999999,1.1652509652509653,NA,-0.043,85.8184228,local,0.24889889443190347,2020_September_CEME_2.3,2.3,1,CEME,HP,-3.016,0,22,82,25,107,9,136,102,1,270.3,307.4,300.6,100,1.3765,1,2020_September,2020,September,0.3018,0.5608,0.259,Painted Caves,85.8184228,85.8184228,"(80,90]",2020_September,0.01,Dry,1,moderate,"(85,90]","(80,90]","(80,100]",37.099999999999966,0.5381597717546363,0.8581842279999999,1.1652509652509653,13.372035849183703,-0.043,85.8184228,local,0.7407769258065192,0.21360110556809656,0.6357230741934808
2020_September_CEME_2.3_2,2020_September_CEME_2.3,2.3,2,CEME,EPI,-0.498,0,NA,27,NA,NA,NA,108,NA,0,269.9,NA,NA,100,0.5215,1,2020_September,2020,September,0.274,0.5544,0.2804,Painted Caves,102.3357664,102.3357664,"(100,110]",2020_September,0.01,Dry,1,hydrated,"(100,105]","(100,110]","(100,120]",NA,0.49422799422799424,1.023357664,0.9771754636233952,NA,-0.043,102.3357664,local,0.25773989901965255,2020_September_CEME_2.3,2.3,2,CEME,HP,-0.498,0,18,46,56,102,19,206,131,1,275.7,335.5,306.5,100,2.1517,1,2020_September,2020,September,0.274,0.5544,0.2804,Painted Caves,102.3357664,102.3357664,"(100,110]",2020_September,0.01,Dry,1,hydrated,"(100,105]","(100,110]","(100,120]",59.80000000000001,0.49422799422799424,1.023357664,0.9771754636233952,13.130925759999112,-0.043,102.3357664,local,1.0634303753031378,0.2637601009803474,1.0882696246968622
2020_September_CEME_2.3_2,2020_September_CEME_2.3,2.3,2,CEME,EPI,-0.498,0,NA,43,NA,NA,NA,163,NA,0,278.3,NA,NA,100,0.529,1,2020_September,2020,September,0.274,0.5544,0.2804,Painted Caves,102.3357664,102.3357664,"(100,110]",2020_September,0.01,Dry,1,hydrated,"(100,105]","(100,110]","(100,120]",NA,0.49422799422799424,1.023357664,0.9771754636233952,NA,-0.043,102.3357664,local,0.26144660897679045,2020_September_CEME_2.3,2.3,2,CEME,HP,-0.498,0,18,46,56,102,19,206,131,1,275.7,335.5,306.5,100,2.1517,1,2020_September,2020,September,0.274,0.5544,0.2804,Painted Caves,102.3357664,102.3357664,"(100,110]",2020_September,0.01,Dry,1,hydrated,"(100,105]","(100,110]","(100,120]",59.80000000000001,0.49422799422799424,1.023357664,0.9771754636233952,13.130925759999112,-0.043,102.3357664,local,1.0634303753031378,0.2675533910232096,1.0882696246968622
2020_September_CEME_2.3_3,2020_September_CEME_2.3,2.3,3,CEME,EPI,-5.01,0,NA,36,NA,NA,NA,210,NA,0,260.8,NA,NA,100,0.509,1,2020_September,2020,September,0.2996,0.5404,0.2408,Painted Caves,80.37383178,80.37383178,"(80,90]",2020_September,0.01,Dry,1,moderate,"(80,85]","(80,90]","(80,100]",NA,0.5544041450777202,0.8037383178,1.244186046511628,NA,-0.043,80.37383178,local,0.28219170983783376,2020_September_CEME_2.3,2.3,3,CEME,HP,-5.01,0,22,82,7,89,9,113,97,1,264.1,271.2,262.8,100,1.2533,1,2020_September,2020,September,0.2996,0.5404,0.2408,Painted Caves,80.37383178,80.37383178,"(80,90]",2020_September,0.01,Dry,1,moderate,"(80,85]","(80,90]","(80,100]",7.099999999999966,0.5544041450777202,0.8037383178,1.244186046511628,14.860622133577898,-0.043,80.37383178,local,0.6948347150093459,0.22680829016216625,0.5584652849906542
2020_September_CEME_2.3_3,2020_September_CEME_2.3,2.3,3,CEME,EPI,-5.01,0,NA,30,NA,NA,NA,145,NA,0,265.2,NA,NA,100,0.5391,1,2020_September,2020,September,0.2996,0.5404,0.2408,Painted Caves,80.37383178,80.37383178,"(80,90]",2020_September,0.01,Dry,1,moderate,"(80,85]","(80,90]","(80,100]",NA,0.5544041450777202,0.8037383178,1.244186046511628,NA,-0.043,80.37383178,local,0.29887927460427544,2020_September_CEME_2.3,2.3,3,CEME,HP,-5.01,0,22,82,7,89,9,113,97,1,264.1,271.2,262.8,100,1.2533,1,2020_September,2020,September,0.2996,0.5404,0.2408,Painted Caves,80.37383178,80.37383178,"(80,90]",2020_September,0.01,Dry,1,moderate,"(80,85]","(80,90]","(80,100]",7.099999999999966,0.5544041450777202,0.8037383178,1.244186046511628,14.860622133577898,-0.043,80.37383178,local,0.6948347150093459,0.2402207253957246,0.5584652849906542
2020_September_CEME_2.5_8,2020_September_CEME_2.5,2.5,8,CEME,EPI,-8.861,0,NA,15,NA,NA,NA,177,NA,0,271,340.5,NA,100,0.5325,1,2020_September,2020,September,0.3413,0.5443,0.203,Painted Caves,59.47846469,59.47846469,"(50,60]",2020_September,0.01,Dry,1,dry,"(55,60]","(50,60]","(40,60]",69.5,0.6270439096086716,0.5947846469,1.6812807881773397,NA,-0.043,59.47846469,local,0.3339008818746109,2020_September_CEME_2.5,2.5,8,CEME,HP,-8.861,0,22,94,74,168,21,213,118,1,242.5,340.5,249.9,100,1.5,1,2020_September,2020,September,0.3413,0.5443,0.203,Painted Caves,59.47846469,59.47846469,"(50,60]",2020_September,0.01,Dry,1,dry,"(55,60]","(50,60]","(40,60]",98,0.6270439096086716,0.5947846469,1.6812807881773397,10.535291626399273,-0.043,59.47846469,local,0.9405658644355237,0.19859911812538905,0.5594341355644763
