individual_round,individual,sample,round,model_spp_gr,spp,model,mpa,lfm_notes,fh,ttfg,gti,tti,fd,gd,pfg,ignition,start_temp,temp_max,ignition_temp,prop_new,sample_wt,glow,year_month,year,month,dry_wt,fresh_wt,water_wt,site,lfm_outliers_out,lfm_n_as_imputed,gr,precip_2month,precip_2mo,season,ignition_no_double,prop_ignite,ros,hydration,bins5lfm,bins10lfm,bins20lfm,temp_change,gdw_gfw,gww_gdw,gdw_gww,flam_index,max_mpa_sample,location
2020_October_ABCO_1.4_1,2020_October_ABCO_1.4,1.4,1,"2020_October_EPI_ABCO_(130,140]",ABCO,EPI,0.312,0,5.5,12,13,25,5,65,47,1,262.8,232.4,294.4,90,0.5143,1,2020_October,2020,October,7.5349,7.9775,0.4426,1,131.374295,131.374295,"(130,140]",2020_October,0.61,Dry,1,50,2,hydrated,"(130,135]","(130,140]","(120,140]",-30.40000000000001,0.9445189595738014,1.31374295,17.02417532760958,20.004484751161556,-0.312,seki
2020_October_ARPA_1.1_1,2020_October_ARPA_1.1,1.1,1,"2020_October_EPI_ARPA_(110,120]",ARPA,EPI,0.072,0,9,19,14,33,6,62,42,1,270,293.8,306.1,NA,0.4985,1,2020_October,2020,October,6.6265,7.0918,0.4653,1,115.8615538,115.8615538,"(110,120]",2020_October,0.61,Dry,1,40,1.6666666666666667,hydrated,"(115,120]","(110,120]","(100,120]",107.39999999999998,0.9343890126625116,1.158615538,14.241349666881582,9.14338978036985,-0.072,seki
2020_October_ARPA_1.2_1,2020_October_ARPA_1.2,1.2,1,"2020_October_EPI_ARPA_(110,120]",ARPA,EPI,0.109,0,17,13,17,30,4,79,56,1,273.9,277.6,251.8,NA,0.5472,1,2020_October,2020,October,7.5641,7.9235,0.3594,1,112.1722846,112.1722846,"(110,120]",2020_October,0.61,Dry,1,40,2.5,hydrated,"(110,115]","(110,120]","(100,120]",3.7000000000000455,0.9546412570202562,1.121722846,21.04646633277685,10.90729901200276,-0.109,seki
2020_October_ARPA_1.2_2,2020_October_ARPA_1.2,1.2,2,"2020_October_EPI_ARPA_(110,120]",ARPA,EPI,1.859,0,5,3,17,45,4,117,71,1,263.8,276.8,253.4,NA,0.5848,1,2020_October,2020,October,7.7409,8.2782,0.5373,1,110.7378401,110.7378401,"(110,120]",2020_October,0.61,Dry,1,40,2.5,hydrated,"(110,115]","(110,120]","(100,120]",13,0.9350945857795172,1.107378401,14.407035175879397,7.319698097756896,-0.109,seki
2020_October_ARPA_1.3_5,2020_October_ARPA_1.3,1.3,5,"2020_October_EPI_ARPA_(70,80]",ARPA,EPI,5.558,0,5,12,14,26,9,45,22,1,286.2,369.1,293.5,NA,0.4585,1,2020_October,2020,October,12.6346,13.0247,0.3901,1,75.26529037,75.26529037,"(70,80]",2020_October,0.61,Dry,1,20,1.1111111111111112,moderate,"(75,80]","(70,80]","(60,80]",82.90000000000003,0.9700492141853556,0.7526529037,32.38810561394514,9.201114004918438,-0.113,seki
2020_October_ARPA_1.4_3,2020_October_ARPA_1.4,1.4,3,"2020_October_EPI_ARPA_(40,50]",ARPA,EPI,3.377,0,10,10,34,44,2,91,55,1,268.5,286.1,276.8,NA,0.5586,1,2020_October,2020,October,7.5363,7.6928,0.1565,1,44.49815183,44.49815183,"(40,50]",2020_October,0.61,Dry,1,100,5,dry,"(40,45]","(40,50]","(40,60]",17.600000000000023,0.9796563019966722,0.4449815183,48.155271565495205,8.27935787364308,-0.134,seki
2020_October_ARPA_1.4_3,2020_October_ARPA_1.4,1.4,3,"2020_October_EPI_ARPA_(40,50]",ARPA,EPI,3.377,0,10,10,34,44,2,91,55,1,268.5,286.1,276.8,NA,0.5586,1,2020_October,2020,October,7.5363,7.6928,0.1565,1,44.49815183,44.49815183,"(40,50]",2020_October,0.61,Dry,1,100,5,dry,"(40,45]","(40,50]","(40,60]",17.600000000000023,0.9796563019966722,0.4449815183,48.155271565495205,8.27935787364308,-0.134,seki
2020_October_ARPA_1.5_3,2020_October_ARPA_1.5,1.5,3,"2020_October_EPI_ARPA_(100,110]",ARPA,EPI,3.128,0,13,17,11,28,9,69,49,1,274.2,337.2,268.3,NA,0.4887,1,2020_October,2020,October,7.6145,7.9789,0.3644,1,101.98712570000001,101.98712570000001,"(100,110]",2020_October,0.61,Dry,1,22,1.1111111111111112,hydrated,"(100,105]","(100,110]","(100,120]",63,0.9543295441727556,1.019871257,20.89599341383095,10.55964122489018,-0.084,seki
2020_October_ARPA_1.5_4,2020_October_ARPA_1.5,1.5,4,"2020_October_EPI_ARPA_(140,150]",ARPA,EPI,1.382,0,7,15,23,38,9,78,46,1,280.2,342.3,278.5,NA,0.6265,1,2020_October,2020,October,7.5942,8.1631,0.5689,1,143.8068756,143.8068756,"(140,150]",2020_October,0.61,Dry,1,50,1.1111111111111112,hydrated,"(140,145]","(140,150]","(140,160]",62.10000000000002,0.9303083387438597,1.438068756,13.348918966426435,8.24749175184196,-0.084,seki
2020_October_ARPA_2.1_3,2020_October_ARPA_2.1,2.1,3,"2020_October_EPI_ARPA_(80,90]",ARPA,EPI,5.948,0,10,11,16,27,3,76,57,1,273.8,307.3,258.5,NA,0.478,1,2020_October,2020,October,7.6266,7.9877,0.3611,2,80.58469092,80.58469092,"(80,90]",2020_October,0.61,Dry,1,23,3.3333333333333335,moderate,"(80,85]","(80,90]","(80,100]",33.5,0.9547929942286264,0.8058469092,21.120465245084464,10.150822130795676,-0.13,seki
2020_October_ARPA_2.1_4,2020_October_ARPA_2.1,2.1,4,"2020_October_EPI_ARPA_(80,90]",ARPA,EPI,1.038,DW may be off-find another written down?,4,21,22,43,2,77,53,1,267.9,287.2,276.8,NA,0.4884,1,2020_October,2020,October,7.6699,8.0808,0.4109,2,84.96691481,84.96691481,"(80,90]",2020_October,0.61,Dry,1,23,5,moderate,"(80,85]","(80,90]","(80,100]",19.30000000000001,0.949151074151074,0.8496691481,18.666098807495743,7.256852177503404,-0.13,seki
2020_October_ARPA_2.1_5,2020_October_ARPA_2.1,2.1,5,"2020_October_EPI_ARPA_(80,90]",ARPA,EPI,2.556,0,9.5,18,16,34,1,87,70,1,273.3,268.1,258.4,NA,0.4903,1,2020_October,2020,October,12.3325,12.5355,0.203,2,84.75991649,84.75991649,"(80,90]",2020_October,0.61,Dry,1,23,10,moderate,"(80,85]","(80,90]","(80,100]",-5.199999999999989,0.9838059909856008,0.8475991649,60.75123152709359,9.122846128613576,-0.13,seki
2020_October_ARPA_2.4_2,2020_October_ARPA_2.4,2.4,2,"2020_October_EPI_ARPA_(100,110]",ARPA,EPI,4.224,0,2.5,17,21,38,3,80,56,1,276.9,315.9,285.1,NA,0.4581,1,2020_October,2020,October,7.6118,8.0281,0.4163,2,100.3858211,100.3858211,"(100,110]",2020_October,0.61,Dry,1,22,3.3333333333333335,hydrated,"(100,105]","(100,110]","(100,120]",39,0.9481446419451676,1.003858211,18.28441028104732,7.306559700767157,-0.046,seki
2020_October_ARPA_2.4_4,2020_October_ARPA_2.4,2.4,4,"2020_October_EPI_ARPA_(90,100]",ARPA,EPI,2.671,0,3.8,15,23,38,2,83,58,1,269.1,297.1,284.5,NA,0.5099,1,2020_October,2020,October,7.7544,8.2378,0.4834,2,90.79639369,90.79639369,"(90,100]",2020_October,0.61,Dry,1,23,5,hydrated,"(90,95]","(90,100]","(80,100]",28,0.9413192842749278,0.9079639369,16.041373603640878,7.594341226332783,-0.046,seki
2020_October_ARPA_2.5_4,2020_October_ARPA_2.5,2.5,4,"2020_October_EPI_ARPA_(90,100]",ARPA,EPI,3.564,0,11,23,20,43,4,115,91,1,266.1,321.8,278.6,NA,0.4812,1,2020_October,2020,October,7.5616,7.8713,0.3097,2,95.08750384,95.08750384,"(90,100]",2020_October,0.61,Dry,1,23,2.5,hydrated,"(95,100]","(90,100]","(80,100]",55.69999999999999,0.96065452974731,0.9508750384,24.41588634162093,8.519754932120472,-0.11,seki
2020_October_CECO_1.1_3,2020_October_CECO_1.1,1.1,3,"2020_October_EPI_CECO_(80,90]",CECO,EPI,3.827,0,9,5,27,60,6,117,56,1,268.1,367,326.7,NA,0.7787,1,2020_October,2020,October,12.4064,12.5882,0.1818,1,82.1880651,82.1880651,"(80,90]",2020_October,0.61,Dry,1,57,1.6666666666666667,moderate,"(80,85]","(80,90]","(80,100]",98.89999999999998,0.985557903433374,0.8218806510000001,68.24202420242024,11.626032016933266,-0.486,seki
2020_October_CECO_1.1_7,2020_October_CECO_1.1,1.1,7,"2020_October_EPI_CECO_(30,40]",CECO,EPI,8.25,0,11,9,19,28,9,169,141,1,268.6,294.9,266.6,NA,0.4911,1,2020_October,2020,October,12.7393,12.9376,0.1983,1,35.65905413,35.65905413,"(30,40]",2020_October,0.61,Dry,1,50,1.1111111111111112,dry,"(35,40]","(30,40]","(20,40]",26.299999999999955,0.9846725822409104,0.3565905413,64.24256177508825,15.956563746218851,-0.486,seki
2020_October_CECO_1.1_9,2020_October_CECO_1.1,1.1,9,"2020_October_EPI_CECO_(50,60]",CECO,EPI,6.78,no lfm,14,6,28,34,9,162,125,1,279.5,332.6,268,NA,0.5569,1,2020_October,2020,October,7.6299,7.8567,0.1984,1,NA,57.86986661688685,"(50,60]",2020_October,0.61,Dry,1,70,1.1111111111111112,dry,"(55,60]","(50,60]","(40,60]",53.10000000000002,0.9711329184008554,0.5786986661688686,38.45715725806452,15.714814878157163,-0.486,seki
2020_October_CECO_1.2_1,2020_October_CECO_1.2,1.2,1,"2020_October_EPI_CECO_(120,130]",CECO,EPI,0.152,0,4,5,29,34,2,75,44,1,276.1,315.4,278.85,NA,0.3094,1,2020_October,2020,October,7.3915,7.6188,0.2273,1,124.6845858,124.6845858,"(120,130]",2020_October,0.61,Dry,1,50,5,hydrated,"(120,125]","(120,130]","(120,140]",43.15000000000002,0.9701659053919252,1.246845858,32.51869775626925,12.298851093941058,-0.152,seki
2020_October_CECO_1.2_4,2020_October_CECO_1.2,1.2,4,"2020_October_EPI_CECO_(80,90]",CECO,EPI,3.229,0,8.5,13,19,32,7,119,93,1,270.6,299.5,279.5,NA,0.5768,1,2020_October,2020,October,12.3428,12.8743,0.5315,1,NA,86.71741609544593,"(80,90]",2020_October,0.61,Dry,1,57,1.4285714285714286,moderate,"(85,90]","(80,90]","(80,100]",28.899999999999977,0.9587162020459364,0.8671741609544593,23.22257761053622,14.347012273452355,-0.152,seki
2020_October_CECO_1.3_3,2020_October_CECO_1.3,1.3,3,"2020_October_EPI_CECO_(70,80]",CECO,EPI,2.003,0,7,4,25,29,3,120,92,1,266.1,274.4,239.9,NA,0.5468,1,2020_October,2020,October,12.4299,12.608,0.1781,1,77.26681128,77.26681128,"(70,80]",2020_October,0.61,Dry,1,33,3.3333333333333335,moderate,"(75,80]","(70,80]","(60,80]",8.299999999999955,0.9858740482233502,0.7726681128,69.79169006176305,14.313439433426364,-0.58,seki
2020_October_CECO_1.3_5,2020_October_CECO_1.3,1.3,5,"2020_October_EPI_CECO_(70,80]",CECO,EPI,4.884,0,4,8,27,35,9,106,70,1,272.7,315.4,258.7,NA,0.4575,1,2020_October,2020,October,7.5218,7.7357,0.2139,1,71.73038229,71.73038229,"(70,80]",2020_October,0.61,Dry,1,33,1.1111111111111112,moderate,"(70,75]","(70,80]","(60,80]",42.69999999999999,0.9723489794071642,0.7173038228999999,35.16503038803179,12.168012252516151,-0.58,seki
2020_October_CECO_1.3_6,2020_October_CECO_1.3,1.3,6,"2020_October_EPI_CECO_(50,60]",CECO,EPI,6.513,0,14.5,7,12,19,9,96,75,1,284,381.7,267.5,NA,0.5044,1,2020_October,2020,October,7.5998,7.8373,0.2375,1,59.03554561,59.03554561,"(50,60]",2020_October,0.61,Dry,1,70,1.1111111111111112,dry,"(55,60]","(50,60]","(40,60]",97.7,0.9696961963941664,0.5903554561,31.999157894736843,19.663160828387714,-0.58,seki
2020_October_CECO_1.3_7,2020_October_CECO_1.3,1.3,7,"2020_October_EPI_CECO_(50,60]",CECO,EPI,8,0,7.5,7,24,31,20,149,105,1,280.1,343.4,263.1,NA,0.5655,1,2020_October,2020,October,12.4963,12.6664,0.1701,1,51.81236674,51.81236674,"(50,60]",2020_October,0.61,Dry,1,70,0.5,dry,"(50,55]","(50,60]","(40,60]",63.299999999999955,0.9865707699109456,0.5181236674,73.4644326866549,14.151527316484216,-0.58,seki
2020_October_CECO_1.4_1,2020_October_CECO_1.4,1.4,1,"2020_October_EPI_CECO_(130,140]",CECO,EPI,0.384,0,1,14,27,35,5,142,82,1,274.1,330.8,289.7,NA,0.4912,1,2020_October,2020,October,7.5047,7.8876,0.3829,1,130.4599659,130.4599659,"(130,140]",2020_October,0.61,Dry,1,100,2,hydrated,"(130,135]","(130,140]","(120,140]",56.69999999999999,0.9514554490592828,1.304599659,19.599634369287017,10.802341788075076,-0.384,seki
2020_October_CECO_1.4_5,2020_October_CECO_1.4,1.4,5,"2020_October_EPI_CECO_(60,70]",CECO,EPI,5.098,0,7.3,13,18,31,14,115,83,1,270,304.2,281.5,NA,0.5185,1,2020_October,2020,October,7.6504,7.9528,0.3024,1,68.15415822,68.15415822,"(60,70]",2020_October,0.61,Dry,1,64,0.7142857142857143,moderate,"(65,70]","(60,70]","(60,80]",34.19999999999999,0.9619756563725984,0.6815415821999999,25.2989417989418,14.07632841151894,-0.384,seki
2020_October_CECO_1.4_7,2020_October_CECO_1.4,1.4,7,"2020_October_EPI_CECO_(60,70]",CECO,EPI,6.632,0,8,9,27,36,9,172,136,1,278.6,287.9,259.2,NA,0.5997,1,2020_October,2020,October,12.702,12.9552,0.2532,1,61.47123088,61.47123088,"(60,70]",2020_October,0.61,Dry,1,64,1.1111111111111112,moderate,"(60,65]","(60,70]","(60,80]",9.299999999999956,0.9804557243423492,0.6147123088,50.165876777251185,13.565033204494224,-0.384,seki
2020_October_CECO_1.5_3,2020_October_CECO_1.5,1.5,3,"2020_October_EPI_CECO_(90,100]",CECO,EPI,3.267,0,10.3,10,32,42,12,155,111,1,265,373.4,281.3,NA,0.5545,1,2020_October,2020,October,12.5217,12.8366,0.3149,1,90.80161476,90.80161476,"(90,100]",2020_October,0.61,Dry,1,12,0.8333333333333334,hydrated,"(90,95]","(90,100]","(80,100]",108.39999999999998,0.975468582023277,0.9080161476,39.7640520800254,13.540738657015774,-0.183,seki
2020_October_CECO_1.5_5,2020_October_CECO_1.5,1.5,5,"2020_October_EPI_CECO_(60,70]",CECO,EPI,4.495,0,4,10,27,37,3,102,72,1,272.1,302.3,294.5,NA,0.338,1,2020_October,2020,October,7.574,7.7455,0.1715,1,64.86384266,64.86384266,"(60,70]",2020_October,0.61,Dry,1,64,3.3333333333333335,moderate,"(60,65]","(60,70]","(60,80]",30.19999999999999,0.9778581111613196,0.6486384266,44.16326530612245,11.922193823172393,-0.183,seki
2020_October_CECO_1.5_8,2020_October_CECO_1.5,1.5,8,"2020_October_EPI_CECO_(40,50]",CECO,EPI,8,0,15,11,27,38,10,217,180,1,287.9,315.4,278.85,NA,0.5497,1,2020_October,2020,October,7.6737,7.9116,0.2379,1,50,50,"(40,50]",2020_October,0.61,Dry,1,75,1,dry,"(45,50]","(40,50]","(40,60]",139.90000000000003,0.9699302290307904,0.5,32.25598991172762,15.341510906358504,-0.183,seki
2020_October_CECO_1.6_2,2020_October_CECO_1.6,1.6,2,"2020_October_EPI_CECO_(100,110]",CECO,EPI,0.73,0,7,11,10,21,4,138,124,1,267.9,279.2,252,NA,0.5065,1,2020_October,2020,October,7.5927,7.9354,0.3427,1,105.0582465,105.0582465,"(100,110]",2020_October,0.61,Dry,1,31,2.5,hydrated,"(105,110]","(100,110]","(100,120]",11.300000000000011,0.95681377120246,1.050582465,22.155529617741465,16.137724855093985,-0.138,seki
2020_October_CECO_1.6_3,2020_October_CECO_1.6,1.6,3,"2020_October_EPI_CECO_(50,60]",CECO,EPI,1.841,0,2.8,9,26,35,1,94,67,1,276.4,299.8,291.8,NA,0.4957,1,2020_October,2020,October,12.2821,12.3738,0.0917,1,57.74559194,57.74559194,"(50,60]",2020_October,0.61,Dry,1,70,10,dry,"(55,60]","(50,60]","(40,60]",23.40000000000003,0.9925891803649648,0.5774559194,133.93784078516902,11.645861871858363,-0.138,seki
2020_October_CECO_1.6_5,2020_October_CECO_1.6,1.6,5,"2020_October_EPI_CECO_(80,90]",CECO,EPI,4.08,0,0.5,14,27,35,4,171,106,1,278.2,296.9,295.6,NA,0.4601,1,2020_October,2020,October,7.4486,7.6253,0.1767,1,83.7044055,83.7044055,"(80,90]",2020_October,0.61,Dry,1,57,2.5,moderate,"(80,85]","(80,90]","(80,100]",18.69999999999999,0.9768271412272304,0.8370440549999999,42.153933220147145,10.554308225147858,-0.138,seki
2020_October_CECO_1.6_6,2020_October_CECO_1.6,1.6,6,"2020_October_EPI_CECO_(50,60]",CECO,EPI,9,0,20,5,17,22,7,81,57,1,277.9,347.7,264.6,NA,0.4845,1,2020_October,2020,October,7.5101,7.6603,0.1502,1,57.43785851,57.43785851,"(50,60]",2020_October,0.61,Dry,1,70,1.4285714285714286,dry,"(55,60]","(50,60]","(40,60]",69.80000000000001,0.9803924128297848,0.5743785851,50.00066577896139,20.18130413381635,-0.138,seki
2020_October_CECO_1.6_7,2020_October_CECO_1.6,1.6,7,"2020_October_EPI_CECO_(80,90]",CECO,EPI,5.326,0,7,2,27,35,7,208,130,1,276.9,373.2,306.6,NA,0.6111,1,2020_October,2020,October,12.7826,13.193,0.4104,1,86.60054864,86.60054864,"(80,90]",2020_October,0.61,Dry,1,57,1.4285714285714286,moderate,"(85,90]","(80,90]","(80,100]",96.3,0.96889259455772,0.8660054864,31.146686159844055,13.348488460386385,-0.138,seki
2020_October_CECO_2.1_1,2020_October_CECO_2.1,2.1,1,"2020_October_EPI_CECO_(100,110]",CECO,EPI,0.311,0,9,17,40,57,7,133,86,1,268.9,296.4,290.3,NA,0.504,1,2020_October,2020,October,7.4677,7.7115,0.2438,2,107.4008811,107.4008811,"(100,110]",2020_October,0.61,Dry,1,31,1.4285714285714286,hydrated,"(105,110]","(100,110]","(100,120]",27.5,0.968384879725086,1.074008811,30.630434782608695,11.82467824743842,-0.311,seki
2020_October_CECO_2.1_6,2020_October_CECO_2.1,2.1,6,"2020_October_EPI_CECO_(60,70]",CECO,EPI,3.995,0,4,12,10,22,3,124,111,1,271.9,291.7,257.7,NA,0.4205,1,2020_October,2020,October,7.5347,7.7406,0.2059,2,63.10144039,63.10144039,"(60,70]",2020_October,0.61,Dry,1,64,3.3333333333333335,moderate,"(60,65]","(60,70]","(60,80]",19.80000000000001,0.973399994832442,0.6310144039,36.59397765905779,14.46053630009166,-0.311,seki
2020_October_CECO_2.2_1,2020_October_CECO_2.2,2.2,1,"2020_October_EPI_CECO_(110,120]",CECO,EPI,0.199,0,5,6,30,36,12,110,68,1,250.6,294.1,268.1,NA,0.5155,1,2020_October,2020,October,7.4614,7.7623,0.3009,2,113.4615385,113.4615385,"(110,120]",2020_October,0.61,Dry,1,14,0.8333333333333334,hydrated,"(110,115]","(110,120]","(100,120]",43.50000000000003,0.9612357162181312,1.134615385,24.796942505815885,12.450753064626555,-0.199,seki
2020_October_CECO_2.2_3,2020_October_CECO_2.2,2.2,3,"2020_October_EPI_CECO_(60,70]",CECO,EPI,3.898,0,11,5,32,37,11,68,25,1,272.7,336.7,278.2,NA,0.4106,1,2020_October,2020,October,12.3457,12.4841,0.1384,2,68.0432645,68.0432645,"(60,70]",2020_October,0.61,Dry,1,64,0.9090909090909092,moderate,"(65,70]","(60,70]","(60,80]",64,0.9889138984788652,0.6804326450000001,89.20303468208094,14.390578667819277,-0.199,seki
2020_October_CECO_2.3_3,2020_October_CECO_2.3,2.3,3,"2020_October_EPI_CECO_(80,90]",CECO,EPI,2.983,0,0.5,3,39,42,1,102,62,1,277.4,301.2,297.6,NA,0.5076,1,2020_October,2020,October,12.5409,12.789,0.2481,2,81.45108339,81.45108339,"(80,90]",2020_October,0.61,Dry,1,57,10,moderate,"(80,85]","(80,90]","(80,100]",23.80000000000001,0.9806005160684964,0.8145108338999999,50.547762998790816,9.876508614358547,-0.107,seki
2020_October_CECO_2.3_4,2020_October_CECO_2.3,2.3,4,"2020_October_EPI_CECO_(70,80]",CECO,EPI,4.046,0,10.5,9,18,27,5,112,89,1,272.1,291.1,277.5,NA,0.4615,1,2020_October,2020,October,12.4681,12.6459,0.1778,2,73.10855263,73.10855263,"(70,80]",2020_October,0.61,Dry,1,33,2,moderate,"(70,75]","(70,80]","(60,80]",19,0.9859401070702758,0.7310855263,70.12429696287964,16.004444365393123,-0.107,seki
2020_October_CECO_2.4_1,2020_October_CECO_2.4,2.4,1,"2020_October_EPI_CECO_(120,130]",CECO,EPI,0.169,0,4,16,25,41,9,81,47,1,267.1,282.5,267.8,NA,0.4337,1,2020_October,2020,October,7.4788,7.7868,0.308,2,123.5459286,123.5459286,"(120,130]",2020_October,0.61,Dry,1,50,1.1111111111111112,hydrated,"(120,125]","(120,130]","(120,140]",15.399999999999975,0.9604458827759798,1.235459286,24.28181818181818,11.485693808449827,-0.169,seki
2020_October_CECO_2.4_5,2020_October_CECO_2.4,2.4,5,"2020_October_EPI_CECO_(80,90]",CECO,EPI,4.574,0,6,7,33,40,15,208,160,1,265.9,341.9,264.9,NA,0.5,1,2020_October,2020,October,7.479,7.6657,0.1867,2,80.06003431,80.06003431,"(80,90]",2020_October,0.61,Dry,1,57,0.6666666666666666,moderate,"(80,85]","(80,90]","(80,100]",76,0.9756447552082652,0.8006003431000001,40.058918050348154,12.3557675460286,-0.169,seki
2020_October_CECO_2.5_4,2020_October_CECO_2.5,2.5,4,"2020_October_EPI_CECO_(100,110]",CECO,EPI,1.648,0,8,17,23,40,3,105,79,1,276.4,314.2,303.2,NA,0.4988,1,2020_October,2020,October,12.4462,12.7065,0.2603,2,100.4243827,100.4243827,"(100,110]",2020_October,0.61,Dry,1,31,3.3333333333333335,hydrated,"(100,105]","(100,110]","(100,120]",37.80000000000001,0.9795144217526462,1.004243827,47.81482904341145,13.053652984483527,-0.138,seki
2020_October_PIJE_1.3_5,2020_October_PIJE_1.3,1.3,5,"2020_October_EPI_PIJE_(120,130]",PIJE,EPI,3.007,0,7,11,32,43,5,82,45,1,272.5,296.5,284.6,100,0.5138,1,2020_October,2020,October,7.4928,7.7728,0.28,1,122.3776224,122.3776224,"(120,130]",2020_October,0.61,Dry,1,14,2,hydrated,"(120,125]","(120,130]","(120,140]",24,0.9639769452449568,1.223776224,26.76,16.182214874969933,-0.314,seki
2020_October_PIJE_1.6_3,2020_October_PIJE_1.6,1.6,3,"2020_October_EPI_PIJE_(100,110]",PIJE,EPI,3.468,0,8,14,19,33,7,73,47,1,275.4,313.4,301,100,0.5277,1,2020_October,2020,October,12.6516,13.1802,0.5286,1,109.3504344,109.3504344,"(100,110]",2020_October,0.61,Dry,1,33,1.4285714285714286,hydrated,"(105,110]","(100,110]","(100,120]",38,0.9598943870350982,1.093504344,23.93416572077185,17.843844563932475,-0.337,seki
2020_October_PIJE_1.6_5,2020_October_PIJE_1.6,1.6,5,"2020_October_EPI_PIJE_(130,140]",PIJE,EPI,2.182,0,5,19,19,38,6,26,1,1,273.9,311,281,100,0.5043,1,2020_October,2020,October,7.7024,8.3136,0.6112,1,132.8984562,132.8984562,"(130,140]",2020_October,0.61,Dry,1,33,1.6666666666666667,hydrated,"(130,135]","(130,140]","(120,140]",37.10000000000002,0.9264819091608932,1.328984562,12.602094240837696,15.93936733044958,-0.337,seki
2020_October_PIJE_1.8_3,2020_October_PIJE_1.8,1.8,3,"2020_October_EPI_PIJE_(130,140]",PIJE,EPI,3.089,0,17,8,25,33,3,64,36,1,268.2,295.9,281,100,0.4627,1,2020_October,2020,October,12.53,13.0209,0.4909,1,138.048369,138.048369,"(130,140]",2020_October,0.61,Dry,1,33,3.3333333333333335,hydrated,"(135,140]","(130,140]","(120,140]",27.69999999999999,0.962299073028746,1.3804836900000002,25.524546750865756,20.893765524125993,-0.342,seki
2020_October_QUKE_1.5_2,2020_October_QUKE_1.5,1.5,2,"2020_October_EPI_QUKE_(60,70]",QUKE,EPI,7.955,0,14,2,10,12,3,40,27,1,266.8,266.1,246.1,NA,0.4446,1,2020_October,2020,October,7.6837,7.947,0.2633,1,63.02058401,63.02058401,"(60,70]",2020_October,0.61,Dry,1,25,3.3333333333333335,moderate,"(60,65]","(60,70]","(60,80]",-0.6999999999999886,0.9668680005033344,0.6302058401,29.182301557159136,17.33534610096451,-0.309,seki
2020_October_QUKE_1.6_1,2020_October_QUKE_1.6,1.6,1,"2020_October_EPI_QUKE_(140,150]",QUKE,EPI,0.224,0,15,2,5,7,6,51,40,1,266,255.3,246.3,NA,0.4641,1,2020_October,2020,October,7.4194,7.6923,0.2729,1,142.4321503,142.4321503,"(140,150]",2020_October,0.61,Dry,1,20,1.6666666666666667,hydrated,"(140,145]","(140,150]","(140,160]",-10.699999999999989,0.9645229645229644,1.4243215029999998,27.1872480762184,19.976569663072674,-0.224,seki
2020_October_QUKE_1.7_5,2020_October_QUKE_1.7,1.7,5,"2020_October_EPI_QUKE_(100,110]",QUKE,EPI,3.312,0,20.5,10,7,17,3,68,50,1,278.4,277.8,246.5,NA,0.4767,1,2020_October,2020,October,7.5378,7.8371,0.2993,1,105.9469027,105.9469027,"(100,110]",2020_October,0.61,Dry,1,9,0.9090909090909092,hydrated,"(105,110]","(100,110]","(100,120]",-0.5999999999999659,0.9618098531344502,1.059469027,25.18476445038423,17.370256641816944,-0.235,seki
2020_September_ADFA_1.1_10,2020_September_ADFA_1.1,1.1,10,"2020_September_EPI_ADFA_(70,80]",ADFA,EPI,6.006,0,12.75,10,22,32,5,118,91,1,267.7,335.7,265.1,NA,0.479,1,2020_September,2020,September,0.2821,0.4895,0.2074,St. Marys,73.52002836,73.52002836,"(70,80]",2020_September,0.01,Dry,1,88,2,moderate,"(70,75]","(70,80]","(60,80]",68,0.576302349336057,0.7352002836,1.36017357762777,9.941388021791154,-0.123,local
2020_September_ADFA_1.1_3,2020_September_ADFA_1.1,1.1,3,"2020_September_EPI_ADFA_(70,80]",ADFA,EPI,3.979,0,11,24,16,40,8,101,77,1,275.1,274.7,258.4,100,0.5415,1,2020_September,2020,September,0.3147,0.5476,0.2329,St. Marys,74.00699078,74.00699078,"(70,80]",2020_September,0.01,Dry,1,88,1.25,moderate,"(70,75]","(70,80]","(60,80]",-0.400000000000034,0.574689554419284,0.7400699078,1.3512237011593,8.777616764206442,-0.123,local
2020_September_ADFA_1.2_1,2020_September_ADFA_1.2,1.2,1,"2020_September_EPI_ADFA_(100,110]",ADFA,EPI,0.713,0,14.5,20,8,28,5,90,77,1,222.3,287.4,265.8,100,0.5253,1,2020_September,2020,September,0.2677,0.5419,0.2742,St. Marys,102.4280911,102.4280911,"(100,110]",2020_September,0.01,Dry,1,67,2,hydrated,"(100,105]","(100,110]","(100,120]",65.1,0.494002583502491,1.024280911,0.976294675419402,10.820439514387298,-0.244,local
2020_September_ADFA_1.2_3,2020_September_ADFA_1.2,1.2,3,"2020_September_EPI_ADFA_(70,80]",ADFA,EPI,2.444,0,8.5,8,25,33,9,144,110,1,272.3,289.1,260.4,100,0.4543,1,2020_September,2020,September,0.324,0.5668,0.2428,St. Marys,74.9382716,74.9382716,"(70,80]",2020_September,0.01,Dry,1,88,1.11111111111111,moderate,"(70,75]","(70,80]","(60,80]",16.8,0.571630204657728,0.749382716,1.33443163097199,9.047313018136094,-0.244,local
2020_September_ADFA_1.3_3,2020_September_ADFA_1.3,1.3,3,"2020_September_EPI_ADFA_(60,70]",ADFA,EPI,7.005,0,9,10,16,26,10,113,87,1,280,387.7,262.6,40,0.4649,1,2020_September,2020,September,0.3671,0.61,0.2429,St. Marys,66.16725688,66.16725688,"(60,70]",2020_September,0.01,Dry,1,91,1,moderate,"(65,70]","(60,70]","(60,80]",107.7,0.601803278688525,0.6616725688,1.51132153149444,10.105446785880147,-0.471,local
2020_September_ADFA_1.3_4,2020_September_ADFA_1.3,1.3,4,"2020_September_EPI_ADFA_(70,80]",ADFA,EPI,2.18,0,4,19,28,47,6,116,82,1,278.8,286.9,263,80,0.4729,1,2020_September,2020,September,0.2962,0.5173,0.2211,St. Marys,74.64550979,74.64550979,"(70,80]",2020_September,0.01,Dry,1,88,1.66666666666667,moderate,"(70,75]","(70,80]","(60,80]",8.09999999999997,0.572588439976803,0.7464550979,1.33966530981456,6.9984540797429915,-0.471,local
2020_September_ADFA_1.3_5,2020_September_ADFA_1.3,1.3,5,"2020_September_EPI_ADFA_(70,80]",ADFA,EPI,4.401,0,20.5,15,5,20,8,74,61,1,270.8,381,260.1,100,0.4808,1,2020_September,2020,September,0.2886,0.5,0.2114,St. Marys,73.25017325,73.25017325,"(70,80]",2020_September,0.01,Dry,1,88,1.25,moderate,"(70,75]","(70,80]","(60,80]",110.2,0.5772,0.7325017325,1.36518448438978,13.501867892780618,-0.471,local
2020_September_ADFA_1.3_6,2020_September_ADFA_1.3,1.3,6,"2020_September_EPI_ADFA_(50,60]",ADFA,EPI,7.639,"Missing these yellow lower videos , also, no weight for this video - might be mislabeled? Strange to have two burns for Epiâ€¦",10,13,10,23,7,89,72,1,265.8,364.1,264.6,100,0.5009,1,2020_September,2020,September,0.3411,0.5385,0.1974,St. Marys,57.87159191,57.87159191,"(50,60]",2020_September,0.01,Dry,1,87,1.42857142857143,dry,"(55,60]","(50,60]","(40,60]",98.3,0.633426183844011,0.5787159191,1.72796352583587,10.851652159157704,-0.471,local
2020_September_ADFA_1.3_7,2020_September_ADFA_1.3,1.3,7,"2020_September_EPI_ADFA_(70,80]",ADFA,EPI,5.79,0,4,5,26,31,2,77,49,1,279.2,302.3,261.7,NA,0.4462,1,2020_September,2020,September,0.2793,0.488,0.2087,St. Marys,74.72252059,74.72252059,"(70,80]",2020_September,0.01,Dry,1,88,5,moderate,"(70,75]","(70,80]","(60,80]",23.1,0.57233606557377,0.7472252059,1.33828461907044,8.317175406244404,-0.471,local
2020_September_ADFA_1.4_11,2020_September_ADFA_1.4,1.4,11,"2020_September_EPI_ADFA_(40,50]",ADFA,EPI,10,0,6.25,7,24,31,3,131,104,1,271.9,312.6,278.5,NA,0.5538,1,2020_September,2020,September,0.4151,0.6084,0.1933,St. Marys,46.56709227,46.56709227,"(40,50]",2020_September,0.01,Dry,1,100,3.33333333333333,dry,"(45,50]","(40,50]","(40,60]",40.7,0.682281393819855,0.4656709227,2.14743921365753,8.82210381627319,-0.225,local
2020_September_ADFA_1.4_11,2020_September_ADFA_1.4,1.4,11,"2020_September_EPI_ADFA_(40,50]",ADFA,EPI,10,0,9,27,16,43,6,117,95,1,273.5,326.1,283.2,NA,0.5538,1,2020_September,2020,September,0.4151,0.6084,0.1933,St. Marys,46.56709227,46.56709227,"(40,50]",2020_September,0.01,Dry,1,100,1.66666666666667,dry,"(45,50]","(40,50]","(40,60]",52.6,0.682281393819855,0.4656709227,2.14743921365753,8.189999955089379,-0.225,local
2020_September_ADFA_1.4_2,2020_September_ADFA_1.4,1.4,2,"2020_September_EPI_ADFA_(60,70]",ADFA,EPI,5.33,0,6.5,13,27,40,2,113,84,1,272.4,278.1,269.5,100,0.5212,1,2020_September,2020,September,0.324,0.5213,0.1973,St. Marys,60.89506173,60.89506173,"(60,70]",2020_September,0.01,Dry,1,91,5,moderate,"(60,65]","(60,70]","(60,80]",5.70000000000005,0.621523115288701,0.6089506173,1.64216928535226,7.978585165450483,-0.225,local
2020_September_ADFA_1.4_2,2020_September_ADFA_1.4,1.4,2,"2020_September_EPI_ADFA_(60,70]",ADFA,EPI,5.33,0,12,40,2,42,4,97,91,1,277.4,307.9,269,100,0.5464,1,2020_September,2020,September,0.324,0.5213,0.1973,St. Marys,60.89506173,60.89506173,"(60,70]",2020_September,0.01,Dry,1,91,2.5,moderate,"(60,65]","(60,70]","(60,80]",30.5,0.621523115288701,0.6089506173,1.64216928535226,8.760717688374058,-0.225,local
2020_September_ADFA_1.4_3,2020_September_ADFA_1.4,1.4,3,"2020_September_EPI_ADFA_(60,70]",ADFA,EPI,5.751,0,3.5,9,36,45,4,141,101,1,279.2,299.4,278.7,50,0.4901,1,2020_September,2020,September,0.2916,0.4742,0.1826,St. Marys,62.62002743,62.62002743,"(60,70]",2020_September,0.01,Dry,1,91,2.5,moderate,"(60,65]","(60,70]","(60,80]",20.2,0.61493040911008,0.6262002743,1.59693318729463,7.0221762843353455,-0.225,local
2020_September_ADFA_1.4_7,2020_September_ADFA_1.4,1.4,7,"2020_September_EPI_ADFA_(70,80]",ADFA,EPI,3.502,0,14.5,26,9,35,8,93,76,1,282.4,382.8,255.6,100,0.5523,1,2020_September,2020,September,0.2885,0.5059,0.2174,St. Marys,75.35528596,75.35528596,"(70,80]",2020_September,0.01,Dry,1,88,1.25,moderate,"(75,80]","(70,80]","(60,80]",100.4,0.570270804506819,0.7535528596,1.32704691812327,9.852847835788536,-0.225,local
2020_September_ADFA_1.5_1,2020_September_ADFA_1.5,1.5,1,"2020_September_EPI_ADFA_(80,90]",ADFA,EPI,0.136,0,3,24,36,60,1,127,90,1,256.9,279.5,252.7,100,0.541,1,2020_September,2020,September,0.2965,0.5395,0.243,St. Marys,81.95615514,81.95615514,"(80,90]",2020_September,0.01,Dry,1,93,10,moderate,"(80,85]","(80,90]","(80,100]",22.6,0.549582947173309,0.8195615514,1.2201646090535,6.173713404422584,-0.136,local
2020_September_ADFA_1.5_7,2020_September_ADFA_1.5,1.5,7,"2020_September_EPI_ADFA_(60,70]",ADFA,EPI,4.49,0,18,13,18,31,5,97,74,1,280.1,337.6,302,NA,0.4973,1,2020_September,2020,September,0.3418,0.5683,0.2265,St. Marys,66.2668227,66.2668227,"(60,70]",2020_September,0.01,Dry,1,91,2,moderate,"(65,70]","(60,70]","(60,80]",57.5,0.601442899876826,0.662668227,1.50905077262693,10.905752962067218,-0.136,local
2020_September_ADFA_1.5_7,2020_September_ADFA_1.5,1.5,7,"2020_September_EPI_ADFA_(60,70]",ADFA,EPI,4.49,0,10,18,20,38,4,100,76,1,276.9,300.1,260.6,12.5,0.4801,1,2020_September,2020,September,0.3418,0.5683,0.2265,St. Marys,66.2668227,66.2668227,"(60,70]",2020_September,0.01,Dry,1,91,2.5,moderate,"(65,70]","(60,70]","(60,80]",23.2,0.601442899876826,0.662668227,1.50905077262693,8.795999724481945,-0.136,local
2020_September_ADFA_1.6_1,2020_September_ADFA_1.6,1.6,1,"2020_September_EPI_ADFA_(100,110]",ADFA,EPI,0.316,0,4.5,29,27,56,3,133,103,1,256.4,286.1,248.6,100,0.5341,1,2020_September,2020,September,0.2538,0.5258,0.272,St. Marys,107.1710008,107.1710008,"(100,110]",2020_September,0.01,Dry,1,67,3.33333333333333,hydrated,"(105,110]","(100,110]","(100,120]",29.7,0.482693039178395,1.071710008,0.933088235294118,6.6182634013690125,-0.316,local
2020_September_ADFA_1.6_3,2020_September_ADFA_1.6,1.6,3,"2020_September_EPI_ADFA_(60,70]",ADFA,EPI,5.741,0,1.5,24,25,49,1,120,94,1,274.6,275.1,264.7,100,0.5296,1,2020_September,2020,September,0.3292,0.5376,0.2084,Painted Caves,63.30498177,63.30498177,"(60,70]",2020_September,0.01,Dry,1,91,10,moderate,"(60,65]","(60,70]","(60,80]",0.5,0.61235119047619,0.6330498177,1.57965451055662,6.375664101530902,-0.316,local
2020_September_ADFA_1.6_4,2020_September_ADFA_1.6,1.6,4,"2020_September_EPI_ADFA_(70,80]",ADFA,EPI,3.996,0,10.5,19,29,48,10,152,113,1,277.9,333.8,253.3,20,0.537,1,2020_September,2020,September,0.3004,0.5198,0.2194,St. Marys,73.03595206,73.03595206,"(70,80]",2020_September,0.01,Dry,1,88,1,moderate,"(70,75]","(70,80]","(60,80]",55.9,0.577914582531743,0.7303595206,1.36918869644485,8.06999835954569,-0.316,local
2020_September_ADFA_1.6_6,2020_September_ADFA_1.6,1.6,6,"2020_September_EPI_ADFA_(50,60]",ADFA,EPI,6.912,0,13,27,12,39,10,131,109,1,278.8,305.5,260.8,NA,0.5509,1,2020_September,2020,September,0.3416,0.5316,0.19,St. Marys,55.6206089,55.6206089,"(50,60]",2020_September,0.01,Dry,1,87,1,dry,"(55,60]","(50,60]","(40,60]",139.8,0.642588412340105,0.556206089,1.79789473684211,9.191038464571204,-0.316,local
2020_September_ADFA_1.6_6,2020_September_ADFA_1.6,1.6,6,"2020_September_EPI_ADFA_(50,60]",ADFA,EPI,6.912,0,15,5,46,51,11,184,127,1,268.2,363.8,275.4,100,0.4927,1,2020_September,2020,September,0.3416,0.5316,0.19,St. Marys,55.6206089,55.6206089,"(50,60]",2020_September,0.01,Dry,1,87,0.909090909090909,dry,"(55,60]","(50,60]","(40,60]",95.6,0.642588412340105,0.556206089,1.79789473684211,8.507917043370009,-0.316,local
2020_September_ADFA_2.1_1,2020_September_ADFA_2.1,2.1,1,"2020_September_EPI_ADFA_(90,100]",ADFA,EPI,0.319,0,2.5,16,20,34,2,183,125,1,255.5,267.7,255.2,NA,0.5291,1,2020_September,2020,September,0.2494,0.4859,0.2365,Painted Caves,94.82758621,94.82758621,"(90,100]",2020_September,0.01,Dry,1,91,5,hydrated,"(90,95]","(90,100]","(80,100]",12.2,0.513274336283186,0.9482758621,1.05454545454545,7.654193143567003,-0.319,local
2020_September_ADFA_2.1_2,2020_September_ADFA_2.1,2.1,2,"2020_September_EPI_ADFA_(50,60]",ADFA,EPI,7.86,0,5.5,26,29,55,7,189,153,1,267.7,280.9,258.5,60,0.5387,1,2020_September,2020,September,0.3104,0.484,0.1736,Painted Caves,55.92783505,55.92783505,"(50,60]",2020_September,0.01,Dry,1,87,1.42857142857143,dry,"(55,60]","(50,60]","(40,60]",13.2,0.641322314049587,0.5592783505,1.78801843317972,6.843162033932288,-0.319,local
2020_September_ADFA_2.1_4,2020_September_ADFA_2.1,2.1,4,"2020_September_EPI_ADFA_(90,100]",ADFA,EPI,1.13,0,6.5,18,13,31,6,143,110,1,277.7,305.5,253.5,75,0.5216,1,2020_September,2020,September,0.2531,0.4841,0.231,Painted Caves,91.26827341,91.26827341,"(90,100]",2020_September,0.01,Dry,1,91,0.5,hydrated,"(90,95]","(90,100]","(80,100]",138.3,0.522825862425119,0.9126827341,1.095670995671,8.87572742543367,-0.319,local
2020_September_ADFA_2.1_5,2020_September_ADFA_2.1,2.1,5,"2020_September_EPI_ADFA_(60,70]",ADFA,EPI,5.068,0,5,12,29,41,5,148,114,1,279.4,297.6,266.9,NA,0.5721,1,2020_September,2020,September,0.3336,0.5588,0.2252,Painted Caves,67.5059952,67.5059952,"(60,70]",2020_September,0.01,Dry,1,91,2,moderate,"(65,70]","(60,70]","(60,80]",18.2,0.596993557623479,0.675059952,1.48134991119005,7.604733070410981,-0.319,local
2020_September_ADFA_2.1_6,2020_September_ADFA_2.1,2.1,6,"2020_September_EPI_ADFA_(30,40]",ADFA,EPI,9.016,0,16,11,30,41,6,112,84,1,282.1,375.4,292.5,NA,0.549,1,2020_September,2020,September,0.3668,0.5069,0.1401,Painted Caves,38.19520174,38.19520174,"(30,40]",2020_September,0.01,Dry,1,100,1.66666666666667,dry,"(35,40]","(30,40]","(20,40]",93.3,0.723614125073979,0.3819520174,2.61812990720914,9.43677083551565,-0.319,local
2020_September_ADFA_2.2_2,2020_September_ADFA_2.2,2.2,2,"2020_September_EPI_ADFA_(70,80]",ADFA,EPI,0.873,0,12.5,13,26,39,9,171,136,1,281.9,267.8,259.1,50,0.5533,1,2020_September,2020,September,0.2947,0.518,0.2233,Painted Caves,75.7719715,75.7719715,"(70,80]",2020_September,0.01,Dry,1,88,1.11111111111111,moderate,"(75,80]","(70,80]","(60,80]",-14.1,0.568918918918919,0.757719715,1.31974921630094,9.11284198269232,-0.256,local
2020_September_ADFA_2.2_4,2020_September_ADFA_2.2,2.2,4,"2020_September_EPI_ADFA_(60,70]",ADFA,EPI,3.488,0,6,6,19,25,4,109,86,1,276.3,332.5,252.5,NA,0.4705,1,2020_September,2020,September,0.3487,0.5759,0.2272,Painted Caves,65.15629481,65.15629481,"(60,70]",2020_September,0.01,Dry,1,91,2.5,moderate,"(65,70]","(60,70]","(60,80]",56.2,0.605487063726341,0.6515629481,1.53477112676056,9.595168816283088,-0.256,local
2020_September_ADFA_2.2_7,2020_September_ADFA_2.2,2.2,7,"2020_September_EPI_ADFA_(60,70]",ADFA,EPI,4.973,0,5,18,19,37,15,143,109,1,269.5,343.5,271,NA,0.538,1,2020_September,2020,September,0.2869,0.4828,0.1959,Painted Caves,68.28163123,68.28163123,"(60,70]",2020_September,0.01,Dry,1,91,0.666666666666667,moderate,"(65,70]","(60,70]","(60,80]",74,0.594241922120961,0.6828163123,1.46452271567126,7.935834301271786,-0.256,local
2020_September_ADFA_2.3_2,2020_September_ADFA_2.3,2.3,2,"2020_September_EPI_ADFA_(60,70]",ADFA,EPI,0.746,0,4,8,49,57,3,154,102,1,276.3,282.4,261.4,NA,0.4826,1,2020_September,2020,September,0.2813,0.4623,0.181,Painted Caves,64.3441166,64.3441166,"(60,70]",2020_September,0.01,Dry,1,91,3.33333333333333,moderate,"(60,65]","(60,70]","(60,80]",6.09999999999997,0.608479342418343,0.643441166,1.55414364640884,6.482587373782458,-0.106,local
2020_September_ADFA_2.3_5,2020_September_ADFA_2.3,2.3,5,"2020_September_EPI_ADFA_(80,90]",ADFA,EPI,2.087,0,9,21,33,54,15,170,122,1,278.3,259.2,285.6,NA,0.5393,1,2020_September,2020,September,0.2869,0.5366,0.2497,Painted Caves,87.03380969,87.03380969,"(80,90]",2020_September,0.01,Dry,1,93,0.666666666666667,moderate,"(85,90]","(80,90]","(80,100]",-19.1,0.534662691017518,0.8703380969,1.14897877452944,7.47244866553618,-0.106,local
2020_September_ADFA_2.4_1,2020_September_ADFA_2.4,2.4,1,"2020_September_EPI_ADFA_(100,110]",ADFA,EPI,0.116,0,8,9,42,51,13,172,117,1,235.6,290.7,265.8,40,0.4631,1,2020_September,2020,September,0.299,0.6217,0.3227,Painted Caves,107.9264214,107.9264214,"(100,110]",2020_September,0.01,Dry,1,67,0.769230769230769,hydrated,"(105,110]","(100,110]","(100,120]",55.1,0.480939359819849,1.079264214,0.926557173845677,7.481443227982609,-0.116,local
2020_September_ADFA_2.4_3,2020_September_ADFA_2.4,2.4,3,"2020_September_EPI_ADFA_(70,80]",ADFA,EPI,3.444,0,9,13,22,35,8,50,20,1,267.5,339.2,249,NA,0.5341,1,2020_September,2020,September,0.3605,0.6467,0.2862,Painted Caves,79.38973648,79.38973648,"(70,80]",2020_September,0.01,Dry,1,88,1.25,moderate,"(75,80]","(70,80]","(60,80]",71.7,0.557445492500387,0.7938973648,1.25960866526904,8.92059763172536,-0.116,local
2020_September_ADFA_2.4_4,2020_September_ADFA_2.4,2.4,4,"2020_September_EPI_ADFA_(60,70]",ADFA,EPI,6.166,0,16,10,11,21,9,120,100,1,289.6,379.1,263.7,20,0.4544,1,2020_September,2020,September,0.3339,0.5422,0.2083,Painted Caves,62.38394729,62.38394729,"(60,70]",2020_September,0.01,Dry,1,91,1.11111111111111,moderate,"(60,65]","(60,70]","(60,80]",89.5,0.615824419033567,0.6238394729,1.6029764762362,12.472273548947086,-0.116,local
2020_September_ADFA_2.4_5,2020_September_ADFA_2.4,2.4,5,"2020_September_EPI_ADFA_(90,100]",ADFA,EPI,1.059,0,14,24,18,42,7,130,105,1,266.8,330.7,257.1,NA,0.5782,1,2020_September,2020,September,0.3007,0.575,0.2743,Painted Caves,91.22048553,91.22048553,"(90,100]",2020_September,0.01,Dry,1,91,1.42857142857143,hydrated,"(90,95]","(90,100]","(80,100]",63.9,0.522956521739131,0.9122048553,1.09624498724025,9.061629282847369,-0.116,local
2020_September_ADFA_2.5_1,2020_September_ADFA_2.5,2.5,1,"2020_September_EPI_ADFA_(90,100]",ADFA,EPI,0.151,0,10.5,17,17,34,11,107,79,1,273.5,316.5,247,100,0.4862,1,2020_September,2020,September,0.2532,0.4943,0.2411,Painted Caves,95.22116904,95.22116904,"(90,100]",2020_September,0.01,Dry,1,91,0.909090909090909,hydrated,"(95,100]","(90,100]","(80,100]",43,0.512239530649403,0.9522116904,1.05018664454583,9.304590293211652,-0.151,local
2020_September_ADFA_2.5_10,2020_September_ADFA_2.5,2.5,10,"2020_September_EPI_ADFA_(50,60]",ADFA,EPI,8.821,0,12,7,18,25,8,119,93,1,280.8,359.2,264.2,NA,0.498,1,2020_September,2020,September,0.381,0.5802,0.1992,Painted Caves,52.28346457,52.28346457,"(50,60]",2020_September,0.01,Dry,1,87,1.25,dry,"(50,55]","(50,60]","(40,60]",78.4,0.656670113753878,0.5228346457,1.91265060240964,10.882259008920482,-0.151,local
2020_September_ADFA_2.5_2,2020_September_ADFA_2.5,2.5,2,"2020_September_EPI_ADFA_(80,90]",ADFA,EPI,2.04,no second weight,5.5,20,41,61,3,160,116,1,277.5,281.2,266.7,NA,0.5382,1,2020_September,2020,September,0.2744,0.495,0.2206,Painted Caves,80.39358601,80.39358601,"(80,90]",2020_September,0.01,Dry,1,93,3.33333333333333,moderate,"(80,85]","(80,90]","(80,100]",3.69999999999999,0.554343434343434,0.8039358601,1.24388032638259,6.574592095394913,-0.151,local
2020_September_ADFA_2.5_4,2020_September_ADFA_2.5,2.5,4,"2020_September_EPI_ADFA_(70,80]",ADFA,EPI,3.549,0,13,15,17,32,16,111,78,1,281.6,289.4,274,NA,0.5363,1,2020_September,2020,September,0.2627,0.4468,0.1841,Painted Caves,70.07993909,70.07993909,"(70,80]",2020_September,0.01,Dry,1,88,0.625,moderate,"(70,75]","(70,80]","(60,80]",7.79999999999995,0.587958818263205,0.7007993909,1.42694187941336,9.983681738422948,-0.151,local
2020_September_ADFA_2.5_5,2020_September_ADFA_2.5,2.5,5,"2020_September_EPI_ADFA_(80,90]",ADFA,EPI,1.16,0,4,14,25,39,4,85,56,1,276.7,315.4,281.3,100,0.5147,1,2020_September,2020,September,0.2827,0.5281,0.2454,Painted Caves,86.8058012,86.8058012,"(80,90]",2020_September,0.01,Dry,1,93,2.5,moderate,"(85,90]","(80,90]","(80,100]",38.7,0.535315281196743,0.868058012,1.1519967400163,7.55538978559553,-0.151,local
2020_September_ADFA_2.5_7,2020_September_ADFA_2.5,2.5,7,"2020_September_EPI_ADFA_(60,70]",ADFA,EPI,4.878,0,18,18,26,44,2,92,64,1,281.2,295.9,284.9,20,0.4354,1,2020_September,2020,September,0.3248,0.5298,0.205,Painted Caves,63.11576355,63.11576355,"(60,70]",2020_September,0.01,Dry,1,91,5,moderate,"(60,65]","(60,70]","(60,80]",14.7,0.613061532653832,0.6311576355,1.58439024390244,9.426219770936877,-0.151,local
2020_September_ADFA_2.6_7,2020_September_ADFA_2.6,2.6,7,"2020_September_EPI_ADFA_(70,80]",ADFA,EPI,4.28,Missing these yellow lower videos,10,26,18,44,1,112,93,1,269.4,305.5,278.1,NA,0.5291,1,2020_September,2020,September,0.2696,0.4738,0.2042,Painted Caves,75.74183976,75.74183976,"(70,80]",2020_September,0.01,Dry,1,88,10,moderate,"(75,80]","(70,80]","(60,80]",-56.8,0.569016462642465,0.7574183976,1.32027424094025,8.27935787364308,-0.089,local
2020_September_ADFA_2.6_9,2020_September_ADFA_2.6,2.6,9,"2020_September_EPI_ADFA_(70,80]",ADFA,EPI,5.779,0,6.75,9,37,46,2,138,99,1,278,299.6,275.7,20,0.502,1,2020_September,2020,September,0.3165,0.5595,0.243,Painted Caves,76.77725118,76.77725118,"(70,80]",2020_September,0.01,Dry,1,88,5,moderate,"(75,80]","(70,80]","(60,80]",21.6,0.565683646112601,0.7677725118,1.30246913580247,7.578960704481055,-0.089,local
2020_September_CEME_1.2_1,2020_September_CEME_1.2,1.2,1,"2020_September_EPI_CEME_(70,80]",CEME,EPI,1.88,0,13,21,29,50,4,125,92,1,275.5,300.5,270,100,0.4698,1,2020_September,2020,September,0.3114,0.534,0.2226,St. Marys,71.48362235,71.48362235,"(70,80]",2020_September,0.01,Dry,1,59,2.5,moderate,"(70,75]","(70,80]","(60,80]",25,0.58314606741573,0.7148362235,1.3989218328841,8.304183875884508,-0.394,local
2020_September_CEME_1.2_2,2020_September_CEME_1.2,1.2,2,"2020_September_EPI_CEME_(80,90]",CEME,EPI,1.089,0,15,22,24,46,7,92,61,1,277.6,339.1,263.6,100,0.5451,1,2020_September,2020,September,0.2818,0.5115,0.2297,St. Marys,81.51171043,81.51171043,"(80,90]",2020_September,0.01,Dry,1,30,1.42857142857143,moderate,"(80,85]","(80,90]","(80,100]",61.5,0.550928641251222,0.8151171043,1.22681758815847,8.868617637055145,-0.394,local
2020_September_CEME_1.4_1,2020_September_CEME_1.4,1.4,1,"2020_September_EPI_CEME_(100,110]",CEME,EPI,0.192,0,8.5,22,19,41,6,128,103,1,274.5,367.1,265,100,0.5123,1,2020_September,2020,September,0.2367,0.4892,0.2525,St. Marys,106.6751162,106.6751162,"(100,110]",2020_September,0.01,Dry,1,36,1.66666666666667,hydrated,"(105,110]","(100,110]","(100,120]",92.6,0.483851185609158,1.066751162,0.937425742574257,8.264402580429614,-0.192,local
2020_September_CEME_1.4_3,2020_September_CEME_1.4,1.4,3,"2020_September_EPI_CEME_(70,80]",CEME,EPI,3.17,0,16,23,28,51,8,127,91,1,274.1,296.8,263.2,100,0.5593,1,2020_September,2020,September,0.2864,0.5092,0.2228,St. Marys,77.79329609,77.79329609,"(70,80]",2020_September,0.01,Dry,1,59,1.25,moderate,"(75,80]","(70,80]","(60,80]",153.1,0.562450903377848,0.7779329609,1.28545780969479,8.636067363862477,-0.192,local
2020_September_CEME_1.6_1,2020_September_CEME_1.6,1.6,1,"2020_September_EPI_CEME_(90,100]",CEME,EPI,0.491,0,6.5,19,29,48,5,163,129,1,273.8,287,262.7,100,0.4611,1,2020_September,2020,September,0.2695,0.5355,0.266,St. Marys,98.7012987,98.7012987,"(90,100]",2020_September,0.01,Dry,1,46,2,hydrated,"(95,100]","(90,100]","(80,100]",13.2,0.503267973856209,0.987012987,1.01315789473684,7.405204988271144,-0.491,local
2020_September_CEME_1.6_3,2020_September_CEME_1.6,1.6,3,"2020_September_EPI_CEME_(100,110]",CEME,EPI,0.909,0,4,31,43,43,2,132,87,1,273.7,303.2,284.4,100,0.555,1,2020_September,2020,September,0.2754,0.551,0.2756,St. Marys,100.0726216,100.0726216,"(100,110]",2020_September,0.01,Dry,1,36,5,hydrated,"(100,105]","(100,110]","(100,120]",29.5,0.499818511796733,1.000726216,0.999274310595065,7.256852177503404,-0.491,local
2020_September_CEME_1.6_9,2020_September_CEME_1.6,1.6,9,"2020_September_EPI_CEME_(50,60]",CEME,EPI,8.667,0,11.5,25,20,45,4,117,93,1,273.2,326.5,290.9,100,0.5279,1,2020_September,2020,September,0.3913,0.5964,0.2051,St. Marys,52.41502683,52.41502683,"(50,60]",2020_September,0.01,Dry,1,52,2.5,dry,"(50,55]","(50,60]","(40,60]",53.3,0.656103286384977,0.5241502683,1.90784982935154,8.440321348485426,-0.491,local
2020_September_CEME_2.1_2,2020_September_CEME_2.1,2.1,2,"2020_September_EPI_CEME_(100,110]",CEME,EPI,1.082,0,7,33,16,49,14,165,135,1,277.1,331.4,259.9,100,0.4649,1,2020_September,2020,September,0.239,0.4841,0.2451,Painted Caves,102.5523013,102.5523013,"(100,110]",2020_September,0.01,Dry,1,36,0.714285714285714,hydrated,"(100,105]","(100,110]","(100,120]",54.3,0.493699648832886,1.025523013,0.975112199102407,7.431584049217116,-0.641,local
2020_September_CEME_2.2_1,2020_September_CEME_2.2,2.2,1,"2020_September_EPI_CEME_(100,110]",CEME,EPI,0.226,0,7.5,27,29,56,18,154,107,1,278.3,300.8,263.6,100,0.4924,1,2020_September,2020,September,0.2717,0.5616,0.2899,Painted Caves,106.6985646,106.6985646,"(100,110]",2020_September,0.01,Dry,1,36,0.555555555555556,hydrated,"(105,110]","(100,110]","(100,120]",22.5,0.483796296296296,1.066985646,0.937219730941704,7.130398838561591,-0.226,local
2020_October_ABCO_1.4_1,2020_October_ABCO_1.4,1.4,1,"2020_October_HP_ABCO_(130,140]",ABCO,HP,0.312,0,25,51,3,54,14,56,39,1,276.9,322.2,281.4,NA,3.1525,1,2020_October,2020,October,7.5349,7.9775,0.4426,1,131.374295,131.374295,"(130,140]",2020_October,0.61,Dry,1,100,0.7142857142857143,hydrated,"(130,135]","(130,140]","(120,140]",45.30000000000001,0.9445189595738014,1.31374295,17.02417532760958,17.640421171783487,-0.312,seki
2020_October_ARPA_1.1_1,2020_October_ARPA_1.1,1.1,1,"2020_October_HP_ARPA_(110,120]",ARPA,HP,0.072,0,39,118,0.5,50,16,99,78,1,255.4,251.4,229.6,NA,4.9213,1,2020_October,2020,October,6.6265,7.0918,0.4653,1,115.8615538,115.8615538,"(110,120]",2020_October,0.61,Dry,1,90,0.625,hydrated,"(115,120]","(110,120]","(100,120]",-4,0.9343890126625116,1.158615538,14.241349666881582,24.18300911629532,-0.072,seki
2020_October_ARPA_1.2_1,2020_October_ARPA_1.2,1.2,1,"2020_October_HP_ARPA_(110,120]",ARPA,HP,0.109,0,21,50,0.5,50,33,329,296,1,228.8,286.3,249.7,NA,3.1326,0,2020_October,2020,October,7.5641,7.9235,0.3594,1,112.1722846,112.1722846,"(110,120]",2020_October,0.61,Dry,1,90,0.30303030303030304,hydrated,"(110,115]","(110,120]","(100,120]",57.5,0.9546412570202562,1.121722846,21.04646633277685,20.802828870250085,-0.109,seki
2020_October_ARPA_1.2_2,2020_October_ARPA_1.2,1.2,2,"2020_October_HP_ARPA_(110,120]",ARPA,HP,1.859,0,21,47,0.5,47,47,138,91,1,212.5,413.5,241.4,NA,5.5904,0,2020_October,2020,October,7.7409,8.2782,0.5373,1,110.7378401,110.7378401,"(110,120]",2020_October,0.61,Dry,1,90,0.2127659574468085,hydrated,"(110,115]","(110,120]","(100,120]",201,0.9350945857795172,1.107378401,14.407035175879397,21.60339610045547,-0.109,seki
2020_October_ARPA_1.3_5,2020_October_ARPA_1.3,1.3,5,"2020_October_HP_ARPA_(70,80]",ARPA,HP,5.558,0,31,88,0.5,117,6,329,294,1,243.9,261.2,260.8,NA,3.948,1,2020_October,2020,October,12.6346,13.0247,0.3901,1,75.26529037,75.26529037,"(70,80]",2020_October,0.61,Dry,1,90,1.6666666666666667,moderate,"(75,80]","(70,80]","(60,80]",17.299999999999983,0.9700492141853556,0.7526529037,32.38810561394514,13.819589127281777,-0.113,seki
2020_October_ARPA_1.4_3,2020_October_ARPA_1.4,1.4,3,"2020_October_HP_ARPA_(40,50]",ARPA,HP,3.377,0,26,40,0.5,40,12,45,33,1,254.1,253.3,249.4,NA,2.8179,0,2020_October,2020,October,7.5363,7.6928,0.1565,1,44.49815183,44.49815183,"(40,50]",2020_October,0.61,Dry,1,100,0.8333333333333334,dry,"(40,45]","(40,50]","(40,60]",-0.799999999999983,0.9796563019966722,0.4449815183,48.155271565495205,25.056802021716333,-0.134,seki
2020_October_ARPA_1.4_3,2020_October_ARPA_1.4,1.4,3,"2020_October_HP_ARPA_(40,50]",ARPA,HP,3.377,0,29,32,0.5,32,20,129,109,1,235.6,263.6,238.5,NA,2.8179,0,2020_October,2020,October,7.5363,7.6928,0.1565,1,44.49815183,44.49815183,"(40,50]",2020_October,0.61,Dry,1,100,0.5,dry,"(40,45]","(40,50]","(40,60]",28.00000000000003,0.9796563019966722,0.4449815183,48.155271565495205,29.401697144999932,-0.134,seki
2020_October_ARPA_1.5_3,2020_October_ARPA_1.5,1.5,3,"2020_October_HP_ARPA_(100,110]",ARPA,HP,3.128,0,40,51,0.5,50,20,195,175,1,266.9,280.6,262.7,NA,4.2343,0,2020_October,2020,October,7.6145,7.9789,0.3644,1,101.98712570000001,101.98712570000001,"(100,110]",2020_October,0.61,Dry,1,100,0.5,hydrated,"(100,105]","(100,110]","(100,120]",13.700000000000044,0.9543295441727556,1.019871257,20.89599341383095,24.33650022555657,-0.084,seki
2020_October_ARPA_1.5_4,2020_October_ARPA_1.5,1.5,4,"2020_October_HP_ARPA_(140,150]",ARPA,HP,1.382,0,21,51,0.5,51,20,229,157,1,239.1,270.2,246.6,NA,3.4052,0,2020_October,2020,October,7.5942,8.1631,0.5689,1,143.8068756,143.8068756,"(140,150]",2020_October,0.61,Dry,1,100,0.1388888888888889,hydrated,"(140,145]","(140,150]","(140,160]",31.09999999999999,0.9303083387438597,1.438068756,13.348918966426435,20.552782937456275,-0.084,seki
2020_October_ARPA_2.1_3,2020_October_ARPA_2.1,2.1,3,"2020_October_HP_ARPA_(80,90]",ARPA,HP,5.948,0,16,31,0.5,31,29,144,115,1,261.7,284.4,261.6,NA,3.7074,0,2020_October,2020,October,7.6266,7.9877,0.3611,2,80.58469092,80.58469092,"(80,90]",2020_October,0.61,Dry,1,90,0.3448275862068966,moderate,"(80,85]","(80,90]","(80,100]",22.69999999999999,0.9547929942286264,0.8058469092,21.120465245084464,26.132187701895063,-0.13,seki
2020_October_ARPA_2.1_4,2020_October_ARPA_2.1,2.1,4,"2020_October_HP_ARPA_(80,90]",ARPA,HP,1.038,DW may be off-find another written down?,26,40,0.5,40,26,132,106,1,264.3,329,268.8,NA,4.3009,0,2020_October,2020,October,7.6699,8.0808,0.4109,2,84.96691481,84.96691481,"(80,90]",2020_October,0.61,Dry,1,90,0.38461538461538464,moderate,"(80,85]","(80,90]","(80,100]",64.69999999999999,0.949151074151074,0.8496691481,18.666098807495743,25.056802021716333,-0.13,seki
2020_October_ARPA_2.1_5,2020_October_ARPA_2.1,2.1,5,"2020_October_HP_ARPA_(80,90]",ARPA,HP,2.556,0,26,48,0.5,48,16,256,240,1,233,266.1,247.1,NA,2.8463,0,2020_October,2020,October,12.3325,12.5355,0.203,2,84.75991649,84.75991649,"(80,90]",2020_October,0.61,Dry,1,90,0.625,moderate,"(80,85]","(80,90]","(80,100]",33.10000000000002,0.9838059909856008,0.8475991649,60.75123152709359,22.428340717687785,-0.13,seki
2020_October_ARPA_2.4_2,2020_October_ARPA_2.4,2.4,2,"2020_October_HP_ARPA_(100,110]",ARPA,HP,4.224,0,20,47,0.5,47,32,40,8,1,219.2,260.1,223.1,NA,4.2035,0,2020_October,2020,October,7.6118,8.0281,0.4163,2,100.3858211,100.3858211,"(100,110]",2020_October,0.61,Dry,1,100,0.3125,hydrated,"(100,105]","(100,110]","(100,120]",40.900000000000034,0.9481446419451676,1.003858211,18.28441028104732,21.364825724809524,-0.046,seki
2020_October_ARPA_2.4_4,2020_October_ARPA_2.4,2.4,4,"2020_October_HP_ARPA_(90,100]",ARPA,HP,2.671,0,36,50,0.5,50,22,192,170,1,259.7,312.7,246,NA,6.1003,1,2020_October,2020,October,7.7544,8.2378,0.4834,2,90.79639369,90.79639369,"(90,100]",2020_October,0.61,Dry,1,85,0.4545454545454546,hydrated,"(90,95]","(90,100]","(80,100]",53,0.9413192842749278,0.9079639369,16.041373603640878,23.70398704961828,-0.046,seki
2020_October_ARPA_2.5_4,2020_October_ARPA_2.5,2.5,4,"2020_October_HP_ARPA_(90,100]",ARPA,HP,3.564,0,31,53,0.5,53,23,198,175,1,246.1,274.5,245.8,NA,2.5001,0,2020_October,2020,October,7.5616,7.8713,0.3097,2,95.08750384,95.08750384,"(90,100]",2020_October,0.61,Dry,1,85,0.43478260869565216,hydrated,"(95,100]","(90,100]","(80,100]",28.40000000000001,0.96065452974731,0.9508750384,24.41588634162093,22.039760312698427,-0.11,seki
2020_October_CECO_1.1_3,2020_October_CECO_1.1,1.1,3,"2020_October_HP_CECO_(80,90]",CECO,HP,3.827,0,16,562,0.5,562,15,110,95,2,230.7,279.5,247.2,NA,1.8793,0,2020_October,2020,October,12.4064,12.5882,0.1818,1,82.1880651,82.1880651,"(80,90]",2020_October,0.61,Dry,NA,NA,0.6666666666666666,moderate,"(80,85]","(80,90]","(80,100]",48.80000000000001,0.985557903433374,0.8218806510000001,68.24202420242024,13.948662246598667,-0.486,seki
2020_October_CECO_1.1_7,2020_October_CECO_1.1,1.1,7,"2020_October_HP_CECO_(30,40]",CECO,HP,8.25,0,15,24,393,417,9,495,84,2,284.8,308.4,279.7,NA,1.0904,1,2020_October,2020,October,12.7393,12.9376,0.1983,1,35.65905413,35.65905413,"(30,40]",2020_October,0.61,Dry,NA,NA,0.5555555555555556,dry,"(35,40]","(30,40]","(20,40]",23.59999999999997,0.9846725822409104,0.3565905413,64.24256177508825,15.878796731756273,-0.486,seki
2020_October_CECO_1.1_9,2020_October_CECO_1.1,1.1,9,"2020_October_HP_CECO_(50,60]",CECO,HP,6.78,Missing lfm and flam weight,19,27,364,391,11,479,104,2,240.8,241.8,236.1,NA,1.2819,1,2020_October,2020,October,7.6299,7.8567,0.1984,1,NA,57.86986661688685,"(50,60]",2020_October,0.61,Dry,NA,NA,0.9090909090909092,dry,"(55,60]","(50,60]","(40,60]",1,0.9711329184008554,0.5786986661688686,38.45715725806452,17.303471617016374,-0.486,seki
2020_October_CECO_1.2_1,2020_October_CECO_1.2,1.2,1,"2020_October_HP_CECO_(120,130]",CECO,HP,0.152,0,23,690,0.5,690,4,4,101.5,2,266.9,291.7,291.6,NA,1.6206,0,2020_October,2020,October,7.3915,7.6188,0.2273,1,124.6845858,124.6845858,"(120,130]",2020_October,0.61,Dry,NA,NA,2.5,hydrated,"(120,125]","(120,130]","(120,140]",24.80000000000001,0.9701659053919252,1.246845858,32.51869775626925,13.900892441749228,-0.152,seki
2020_October_CECO_1.2_4,2020_October_CECO_1.2,1.2,4,"2020_October_HP_CECO_(80,90]",CECO,HP,3.229,0,34,152,257,409,10,408,141,2,277.2,302.9,302.9,NA,3.449,1,2020_October,2020,October,12.3428,12.8743,0.5315,1,NA,86.71741609544593,"(80,90]",2020_October,0.61,Dry,NA,NA,1,moderate,"(85,90]","(80,90]","(80,100]",25.69999999999999,0.9587162020459364,0.8671741609544593,23.22257761053622,19.46977491081824,-0.152,seki
2020_October_CECO_1.3_3,2020_October_CECO_1.3,1.3,3,"2020_October_HP_CECO_(70,80]",CECO,HP,2.003,0,15,94.5,265.5,403,9,417.5,90,2,266.9,264.2,272.1,NA,1.8484,1,2020_October,2020,October,12.4299,12.608,0.1781,1,77.26681128,77.26681128,"(70,80]",2020_October,0.61,Dry,NA,NA,1.1111111111111112,moderate,"(75,80]","(70,80]","(60,80]",-2.6999999999999886,0.9858740482233502,0.7726681128,69.79169006176305,16.162131778743717,-0.58,seki
2020_October_CECO_1.3_5,2020_October_CECO_1.3,1.3,5,"2020_October_HP_CECO_(70,80]",CECO,HP,4.884,0,25,2,315,317,17,433,101,2,229.2,245,244.5,NA,2.5169,1,2020_October,2020,October,7.5218,7.7357,0.2139,1,71.73038229,71.73038229,"(70,80]",2020_October,0.61,Dry,NA,NA,0.5882352941176471,moderate,"(70,75]","(70,80]","(60,80]",15.800000000000011,0.9723489794071642,0.7173038228999999,35.16503038803179,20.731031031262464,-0.58,seki
2020_October_CECO_1.3_6,2020_October_CECO_1.3,1.3,6,"2020_October_HP_CECO_(50,60]",CECO,HP,6.513,0,19,94.5,0.5,403,9,417.5,101.5,2,237.9,278.4,276.7,NA,2.473,0,2020_October,2020,October,7.5998,7.8373,0.2375,1,59.03554561,59.03554561,"(50,60]",2020_October,0.61,Dry,NA,NA,1.1111111111111112,dry,"(55,60]","(50,60]","(40,60]",40.49999999999997,0.9696961963941664,0.5903554561,31.999157894736843,17.03106583508556,-0.58,seki
2020_October_CECO_1.3_7,2020_October_CECO_1.3,1.3,7,"2020_October_HP_CECO_(50,60]",CECO,HP,8,0,16.3,210,179,389,8,292,105,2,231.8,258,234.8,NA,1.5524,1,2020_October,2020,October,12.4963,12.6664,0.1701,1,51.81236674,51.81236674,"(50,60]",2020_October,0.61,Dry,NA,NA,1.25,dry,"(50,55]","(50,60]","(40,60]",26.19999999999999,0.9865707699109456,0.5181236674,73.4644326866549,16.763164164456395,-0.58,seki
2020_October_CECO_1.4_1,2020_October_CECO_1.4,1.4,1,"2020_October_HP_CECO_(130,140]",CECO,HP,0.384,0,15,224,266,490,9,403,128,2,286.1,316.8,313.6,NA,1.5,1,2020_October,2020,October,7.5047,7.8876,0.3829,1,130.4599659,130.4599659,"(130,140]",2020_October,0.61,Dry,NA,NA,1.1111111111111112,hydrated,"(130,135]","(130,140]","(120,140]",30.69999999999999,0.9514554490592828,1.304599659,19.599634369287017,14.657193749851547,-0.384,seki
2020_October_CECO_1.4_5,2020_October_CECO_1.4,1.4,5,"2020_October_HP_CECO_(60,70]",CECO,HP,5.098,0,26,17,431,448,5,521,85,2,255.3,252.5,250.4,NA,1.0724,1,2020_October,2020,October,7.6504,7.9528,0.3024,1,68.15415822,68.15415822,"(60,70]",2020_October,0.61,Dry,NA,NA,2,moderate,"(65,70]","(60,70]","(60,80]",-2.8000000000000114,0.9619756563725984,0.6815415821999999,25.2989417989418,17.38998969913578,-0.384,seki
2020_October_CECO_1.4_7,2020_October_CECO_1.4,1.4,7,"2020_October_HP_CECO_(60,70]",CECO,HP,6.632,0,16,94.5,377,377,5,731,101.5,2,257.6,241.5,248.3,NA,1.9293,1,2020_October,2020,October,12.702,12.9552,0.2532,1,61.47123088,61.47123088,"(60,70]",2020_October,0.61,Dry,NA,NA,2,moderate,"(60,65]","(60,70]","(60,80]",-16.100000000000023,0.9804557243423492,0.6147123088,50.165876777251185,16.976325957532985,-0.384,seki
2020_October_CECO_1.5_3,2020_October_CECO_1.5,1.5,3,"2020_October_HP_CECO_(90,100]",CECO,HP,3.267,0,14,381,0.5,381,9,214,205,2,225.6,280.7,284.4,NA,1.4539,0,2020_October,2020,October,12.5217,12.8366,0.3149,1,90.80161476,90.80161476,"(90,100]",2020_October,0.61,Dry,NA,NA,1.1111111111111112,hydrated,"(90,95]","(90,100]","(80,100]",55.099999999999994,0.975468582023277,0.9080161476,39.7640520800254,16.40917588288983,-0.183,seki
2020_October_CECO_1.5_5,2020_October_CECO_1.5,1.5,5,"2020_October_HP_CECO_(60,70]",CECO,HP,4.495,0,16,15,398,413,11,526,117,2,254.8,274.5,276.6,NA,1.2642,1,2020_October,2020,October,7.574,7.7455,0.1715,1,64.86384266,64.86384266,"(60,70]",2020_October,0.61,Dry,NA,NA,0.9090909090909092,moderate,"(60,65]","(60,70]","(60,80]",19.69999999999999,0.9778581111613196,0.6486384266,44.16326530612245,16.180846669324602,-0.183,seki
2020_October_CECO_1.5_8,2020_October_CECO_1.5,1.5,8,"2020_October_HP_CECO_(40,50]",CECO,HP,8,0,25,16,0.5,16,12,398,101.5,2,223.9,240.3,238.3,NA,1.6316,0,2020_October,2020,October,7.6737,7.9116,0.2379,1,50,50,"(40,50]",2020_October,0.61,Dry,NA,NA,0.8333333333333334,dry,"(45,50]","(40,50]","(40,60]",16.400000000000006,0.9699302290307904,0.5,32.25598991172762,150.9422696574568,-0.183,seki
2020_October_CECO_1.6_2,2020_October_CECO_1.6,1.6,2,"2020_October_HP_CECO_(100,110]",CECO,HP,0.73,0,31,49,405,454,7,525,113,2,252.5,323.4,294,NA,2.1622,1,2020_October,2020,October,7.5927,7.9354,0.3427,1,105.0582465,105.0582465,"(100,110]",2020_October,0.61,Dry,NA,NA,1.4285714285714286,hydrated,"(105,110]","(100,110]","(100,120]",70.89999999999998,0.95681377120246,1.050582465,22.155529617741465,18.045117209403376,-0.138,seki
2020_October_CECO_1.6_3,2020_October_CECO_1.6,1.6,3,"2020_October_HP_CECO_(50,60]",CECO,HP,1.841,0,6,6,364,370,5,450,81,2,298.9,298.2,298.2,NA,0.9363,1,2020_October,2020,October,12.2821,12.3738,0.0917,1,57.74559194,57.74559194,"(50,60]",2020_October,0.61,Dry,NA,NA,2,dry,"(55,60]","(50,60]","(40,60]",-0.6999999999999886,0.9925891803649648,0.5774559194,133.93784078516902,14.467494112718464,-0.138,seki
2020_October_CECO_1.6_5,2020_October_CECO_1.6,1.6,5,"2020_October_HP_CECO_(80,90]",CECO,HP,4.08,0,10,12,403,415,10,494,81,2,255.4,247.4,244.6,NA,1.224,1,2020_October,2020,October,7.4486,7.6253,0.1767,1,83.7044055,83.7044055,"(80,90]",2020_October,0.61,Dry,NA,NA,1,moderate,"(80,85]","(80,90]","(80,100]",-8,0.9768271412272304,0.8370440549999999,42.153933220147145,14.711204706846097,-0.138,seki
2020_October_CECO_1.6_6,2020_October_CECO_1.6,1.6,6,"2020_October_HP_CECO_(50,60]",CECO,HP,9,0,12,10,469,479,8,538,61,2,271.1,271.4,271.6,NA,0.9221,1,2020_October,2020,October,7.5101,7.6603,0.1502,1,57.43785851,57.43785851,"(50,60]",2020_October,0.61,Dry,NA,NA,1.25,dry,"(55,60]","(50,60]","(40,60]",0.2999999999999545,0.9803924128297848,0.5743785851,50.00066577896139,14.162437154220138,-0.138,seki
2020_October_CECO_1.6_7,2020_October_CECO_1.6,1.6,7,"2020_October_HP_CECO_(80,90]",CECO,HP,5.326,0,16,16,370,386,5,452,77,2,247.6,333.3,230.9,NA,1.174,1,2020_October,2020,October,12.7826,13.193,0.4104,1,86.60054864,86.60054864,"(80,90]",2020_October,0.61,Dry,NA,NA,2,moderate,"(85,90]","(80,90]","(80,100]",85.70000000000002,0.96889259455772,0.8660054864,31.146686159844055,16.763981894087145,-0.138,seki
2020_October_CECO_2.1_1,2020_October_CECO_2.1,2.1,1,"2020_October_HP_CECO_(100,110]",CECO,HP,0.311,0,18,31,144,175,12,217,61,2,253.5,282.1,290.9,NA,1.1957,1,2020_October,2020,October,7.4677,7.7115,0.2438,2,107.4008811,107.4008811,"(100,110]",2020_October,0.61,Dry,NA,NA,0.8333333333333334,hydrated,"(105,110]","(100,110]","(100,120]",28.600000000000023,0.968384879725086,1.074008811,30.630434782608695,27.823812810261256,-0.311,seki
2020_October_CECO_2.1_6,2020_October_CECO_2.1,2.1,6,"2020_October_HP_CECO_(60,70]",CECO,HP,3.995,0,19,94,283,377,12,386,91,2,266.6,245.5,243,NA,0.901,1,2020_October,2020,October,7.5347,7.7406,0.2059,2,63.10144039,63.10144039,"(60,70]",2020_October,0.61,Dry,NA,NA,0.8333333333333334,moderate,"(60,65]","(60,70]","(60,80]",-21.100000000000023,0.973399994832442,0.6310144039,36.59397765905779,17.642492676813454,-0.311,seki
2020_October_CECO_2.2_1,2020_October_CECO_2.2,2.2,1,"2020_October_HP_CECO_(110,120]",CECO,HP,0.199,0,26,382,98,480,13,188,77,2,250.8,304.7,307,NA,1.5164,1,2020_October,2020,October,7.4614,7.7623,0.3009,2,113.4615385,113.4615385,"(110,120]",2020_October,0.61,Dry,NA,NA,0.7692307692307693,hydrated,"(110,115]","(110,120]","(100,120]",53.89999999999998,0.9612357162181312,1.134615385,24.796942505815885,16.811270950480036,-0.199,seki
2020_October_CECO_2.2_3,2020_October_CECO_2.2,2.2,3,"2020_October_HP_CECO_(60,70]",CECO,HP,3.898,0,10,181,265,446,11,538,262,2,305.3,304.6,304.9,NA,1.5471,1,2020_October,2020,October,12.3457,12.4841,0.1384,2,68.0432645,68.0432645,"(60,70]",2020_October,0.61,Dry,NA,NA,0.9090909090909092,moderate,"(65,70]","(60,70]","(60,80]",-0.6999999999999886,0.9889138984788652,0.6804326450000001,89.20303468208094,14.1833083145188,-0.199,seki
2020_October_CECO_2.3_3,2020_October_CECO_2.3,2.3,3,"2020_October_HP_CECO_(80,90]",CECO,HP,2.983,0,14,8,14,22,7,109,88,2,282.9,279,282.2,NA,1.1734,1,2020_October,2020,October,12.5409,12.789,0.2481,2,81.45108339,81.45108339,"(80,90]",2020_October,0.61,Dry,NA,NA,1.4285714285714286,moderate,"(80,85]","(80,90]","(80,100]",-3.8999999999999777,0.9806005160684964,0.8145108338999999,50.547762998790816,110.54588428063666,-0.107,seki
2020_October_CECO_2.3_4,2020_October_CECO_2.3,2.3,4,"2020_October_HP_CECO_(70,80]",CECO,HP,4.046,0,3,17,412,429,2,477,63,2,279.2,268.6,268.6,NA,1.1204,1,2020_October,2020,October,12.4681,12.6459,0.1778,2,73.10855263,73.10855263,"(70,80]",2020_October,0.61,Dry,NA,NA,5,moderate,"(70,75]","(70,80]","(60,80]",-10.599999999999966,0.9859401070702758,0.7310855263,70.12429696287964,12.49645358417355,-0.107,seki
2020_October_CECO_2.4_1,2020_October_CECO_2.4,2.4,1,"2020_October_HP_CECO_(120,130]",CECO,HP,0.169,0,11,76,409,485,9,515,97,2,246.9,279.8,288.4,NA,1.5394,1,2020_October,2020,October,7.4788,7.7868,0.308,2,123.5459286,123.5459286,"(120,130]",2020_October,0.61,Dry,NA,NA,1.1111111111111112,hydrated,"(120,125]","(120,130]","(120,140]",32.900000000000006,0.9604458827759798,1.235459286,24.28181818181818,13.848396360021813,-0.169,seki
2020_October_CECO_2.4_5,2020_October_CECO_2.4,2.4,5,"2020_October_HP_CECO_(80,90]",CECO,HP,4.574,0,24,41,354,395,2,506,150,2,228.5,278.4,234.7,NA,1.5129,1,2020_October,2020,October,7.479,7.6657,0.1867,2,80.06003431,80.06003431,"(80,90]",2020_October,0.61,Dry,NA,NA,5,moderate,"(80,85]","(80,90]","(80,100]",49.89999999999998,0.9756447552082652,0.8006003431000001,40.058918050348154,18.189503382427336,-0.169,seki
2020_October_CECO_2.5_4,2020_October_CECO_2.5,2.5,4,"2020_October_HP_CECO_(100,110]",CECO,HP,1.648,0,4,44,557,601,9,730,164,2,266.9,285.2,282.6,NA,1.4876,1,2020_October,2020,October,12.4462,12.7065,0.2603,2,100.4243827,100.4243827,"(100,110]",2020_October,0.61,Dry,NA,NA,1.1111111111111112,hydrated,"(100,105]","(100,110]","(100,120]",18.30000000000001,0.9795144217526462,1.004243827,47.81482904341145,10.926220448301802,-0.138,seki
2020_October_PIJE_1.3_5,2020_October_PIJE_1.3,1.3,5,"2020_October_HP_PIJE_(120,130]",PIJE,HP,3.007,0,45,94,0.5,94,28,140,112,1,267.7,407.9,289.3,100,10.0593,0,2020_October,2020,October,7.4928,7.7728,0.28,1,122.3776224,122.3776224,"(120,130]",2020_October,0.61,Dry,1,95,0.35714285714285715,hydrated,"(120,125]","(120,130]","(120,140]",140.2,0.9639769452449568,1.223776224,26.76,14.248641145404267,-0.314,seki
2020_October_PIJE_1.6_3,2020_October_PIJE_1.6,1.6,3,"2020_October_HP_PIJE_(100,110]",PIJE,HP,3.468,0,41,92,9,101,24,92,26,1,270.7,291.7,262.7,100,7.6777,1,2020_October,2020,October,12.6516,13.1802,0.5286,1,109.3504344,109.3504344,"(100,110]",2020_October,0.61,Dry,1,95,0.17543859649122806,hydrated,"(105,110]","(100,110]","(100,120]",21,0.9598943870350982,1.093504344,23.93416572077185,13.474632499628012,-0.337,seki
2020_October_PIJE_1.6_5,2020_October_PIJE_1.6,1.6,5,"2020_October_HP_PIJE_(130,140]",PIJE,HP,2.182,0,43,109,0.5,109,22,264,54,1,283.6,348.9,289.9,100,7.4247,0,2020_October,2020,October,7.7024,8.3136,0.6112,1,132.8984562,132.8984562,"(130,140]",2020_October,0.61,Dry,1,95,0.4545454545454546,hydrated,"(130,135]","(130,140]","(120,140]",65.29999999999995,0.9264819091608932,1.328984562,12.602094240837696,13.17687344025957,-0.337,seki
2020_October_PIJE_1.8_3,2020_October_PIJE_1.8,1.8,3,"2020_October_HP_PIJE_(130,140]",PIJE,HP,3.089,0,49,79,13,92,21,171,137,1,278.4,365.2,263.8,100,11.7541,1,2020_October,2020,October,12.53,13.0209,0.4909,1,138.048369,138.048369,"(130,140]",2020_October,0.61,Dry,1,95,0.47619047619047616,hydrated,"(135,140]","(130,140]","(120,140]",86.80000000000001,0.962299073028746,1.3804836900000002,25.524546750865756,14.699794123855751,-0.342,seki
2020_October_QUKE_1.5_2,2020_October_QUKE_1.5,1.5,2,"2020_October_HP_QUKE_(60,70]",QUKE,HP,7.955,0,33,15,0.5,15,5,55,42,1,238.2,292.8,234.1,NA,2.2544,0,2020_October,2020,October,7.6837,7.947,0.2633,1,63.02058401,63.02058401,"(60,70]",2020_October,0.61,Dry,1,100,0.7692307692307693,moderate,"(60,65]","(60,70]","(60,80]",54.60000000000002,0.9668680005033344,0.6302058401,29.182301557159136,18.85845669471448,-0.309,seki
2020_October_QUKE_1.6_1,2020_October_QUKE_1.6,1.6,1,"2020_October_HP_QUKE_(140,150]",QUKE,HP,0.224,0,36,20,0.5,20,7,33,26,1,238.5,269.7,230.4,NA,1.9786,0,2020_October,2020,October,7.4194,7.6923,0.2729,1,142.4321503,142.4321503,"(140,150]",2020_October,0.61,Dry,1,67,1.4285714285714286,hydrated,"(140,145]","(140,150]","(140,160]",31.19999999999999,0.9645229645229644,1.4243215029999998,27.1872480762184,18.159020597145343,-0.224,seki
2020_October_QUKE_1.7_5,2020_October_QUKE_1.7,1.7,5,"2020_October_HP_QUKE_(100,110]",QUKE,HP,3.312,0,30,18,0.5,18,5,63,58,1,212.3,207.8,206.3,NA,0.6864,0,2020_October,2020,October,7.5378,7.8371,0.2993,1,105.9469027,105.9469027,"(100,110]",2020_October,0.61,Dry,1,67,2,hydrated,"(105,110]","(100,110]","(100,120]",-4.5,0.9618098531344502,1.059469027,25.18476445038423,17.741301992211852,-0.235,seki
2020_September_ADFA_1.1_10,2020_September_ADFA_1.1,1.1,10,"2020_September_HP_ADFA_(70,80]",ADFA,HP,6.006,Ignition due to veg touching flame,23,102,33,135,36,196,127,1,220,257.6,231.3,50,2.5316,1,2020_September,2020,September,0.2821,0.4895,0.2074,St. Marys,73.52002836,73.52002836,"(70,80]",2020_September,0.01,Dry,1,61,0.277777777777778,moderate,"(70,75]","(70,80]","(60,80]",37.60000000000002,0.576302349336057,0.7352002836,1.36017357762777,11.901532314993396,-0.123,local
2020_September_ADFA_1.1_3,2020_September_ADFA_1.1,1.1,3,"2020_September_HP_ADFA_(70,80]",ADFA,HP,3.979,0,24,76,13,89,6,81,62,1,291.2,300.2,295.3,50,1.1661,1,2020_September,2020,September,0.3147,0.5476,0.2329,St. Marys,74.00699078,74.00699078,"(70,80]",2020_September,0.01,Dry,1,61,1.66666666666667,moderate,"(70,75]","(70,80]","(60,80]",9,0.574689554419284,0.7400699078,1.3512237011593,15.167348802468569,-0.123,local
2020_September_ADFA_1.2_1,2020_September_ADFA_1.2,1.2,1,"2020_September_HP_ADFA_(100,110]",ADFA,HP,0.713,0,22,20,15,NA,10,264,60,1,267.6,289.8,278,NA,2.3384,1,2020_September,2020,September,0.2677,0.5419,0.2742,St. Marys,102.4280911,102.4280911,"(100,110]",2020_September,0.01,Dry,1,60,1,hydrated,"(100,105]","(100,110]","(100,120]",22.19999999999999,0.494002583502491,1.024280911,0.976294675419402,NA,-0.244,local
2020_September_ADFA_1.2_3,2020_September_ADFA_1.2,1.2,3,"2020_September_HP_ADFA_(70,80]",ADFA,HP,2.444,0,21,69,42,111,13,161,106,1,280,300.15,290.8,20,2.0713,1,2020_September,2020,September,0.324,0.5668,0.2428,St. Marys,74.9382716,74.9382716,"(70,80]",2020_September,0.01,Dry,1,61,0.769230769230769,moderate,"(70,75]","(70,80]","(60,80]",20.149999999999977,0.571630204657728,0.749382716,1.33443163097199,12.960295099587622,-0.244,local
2020_September_ADFA_1.3_3,2020_September_ADFA_1.3,1.3,3,"2020_September_HP_ADFA_(60,70]",ADFA,HP,7.005,0,28,42,19,61,14,176,89,1,280,274.1,270,NA,1.6334,1,2020_September,2020,September,0.3671,0.61,0.2429,St. Marys,66.16725688,66.16725688,"(60,70]",2020_September,0.01,Dry,1,42,0.147058823529412,moderate,"(65,70]","(60,70]","(60,80]",-5.899999999999977,0.601803278688525,0.6616725688,1.51132153149444,19.729250800995136,-0.471,local
2020_September_ADFA_1.3_4,2020_September_ADFA_1.3,1.3,4,"2020_September_HP_ADFA_(70,80]",ADFA,HP,2.18,0,20,76,20,96,9,153,124,1,264,297.4,296.2,50,1.3301,1,2020_September,2020,September,0.2962,0.5173,0.2211,St. Marys,74.64550979,74.64550979,"(70,80]",2020_September,0.01,Dry,1,61,1.11111111111111,moderate,"(70,75]","(70,80]","(60,80]",33.39999999999998,0.572588439976803,0.7464550979,1.33966530981456,13.91578687056559,-0.471,local
2020_September_ADFA_1.3_5,2020_September_ADFA_1.3,1.3,5,"2020_September_HP_ADFA_(70,80]",ADFA,HP,4.401,0,18,66,1,67,26,237,89,1,261.5,301,289,100,1.6334,1,2020_September,2020,September,0.2886,0.5,0.2114,St. Marys,73.25017325,73.25017325,"(70,80]",2020_September,0.01,Dry,1,61,0.384615384615385,moderate,"(70,75]","(70,80]","(60,80]",39.5,0.5772,0.7325017325,1.36518448438978,16.817171039928805,-0.471,local
2020_September_ADFA_1.3_6,2020_September_ADFA_1.3,1.3,6,"2020_September_HP_ADFA_(50,60]",ADFA,HP,7.639,0,24,104,20,124,15,152,117,1,248.8,282.3,239,100,1.6644,1,2020_September,2020,September,0.3411,0.5385,0.1974,St. Marys,57.87159191,57.87159191,"(50,60]",2020_September,0.01,Dry,1,20,0.666666666666667,dry,"(55,60]","(50,60]","(40,60]",33.5,0.633426183844011,0.5787159191,1.72796352583587,12.581057202487676,-0.471,local
2020_September_ADFA_1.3_7,2020_September_ADFA_1.3,1.3,7,"2020_September_HP_ADFA_(70,80]",ADFA,HP,5.79,0,12,40,57,97,36,205,112,1,244.4,267.1,259.1,100,2.3105,1,2020_September,2020,September,0.2793,0.488,0.2087,St. Marys,74.72252059,74.72252059,"(70,80]",2020_September,0.01,Dry,1,61,0.277777777777778,moderate,"(70,75]","(70,80]","(60,80]",22.700000000000017,0.57233606557377,0.7472252059,1.33828461907044,12.456500235957549,-0.471,local
2020_September_ADFA_1.4_11,2020_September_ADFA_1.4,1.4,11,"2020_September_HP_ADFA_(40,50]",ADFA,HP,10,Ignition due to touhing pilot flame,23,71,0.5,71,37,117,80,1,246.3,257.5,245.9,90,1.0616,1,2020_September,2020,September,0.4151,0.6084,0.1933,St. Marys,46.56709227,46.56709227,"(40,50]",2020_September,0.01,Dry,1,20,0.27027027027027,dry,"(45,50]","(40,50]","(40,60]",11.199999999999989,0.682281393819855,0.4656709227,2.14743921365753,17.168322313248627,-0.225,local
2020_September_ADFA_1.4_11,2020_September_ADFA_1.4,1.4,11,"2020_September_HP_ADFA_(40,50]",ADFA,HP,10,Ignition due to touhing pilot flame,23,71,0.5,71,37,117,80,1,246.3,257.5,245.9,90,1.0616,1,2020_September,2020,September,0.4151,0.6084,0.1933,St. Marys,46.56709227,46.56709227,"(40,50]",2020_September,0.01,Dry,1,20,0.27027027027027,dry,"(45,50]","(40,50]","(40,60]",11.199999999999989,0.682281393819855,0.4656709227,2.14743921365753,17.168322313248627,-0.225,local
2020_September_ADFA_1.4_2,2020_September_ADFA_1.4,1.4,2,"2020_September_HP_ADFA_(60,70]",ADFA,HP,5.33,0,22,76,0.5,76,35,101,66,1,273.3,283.9,279.7,100,1.3686,1,2020_September,2020,September,0.324,0.5213,0.1973,St. Marys,60.89506173,60.89506173,"(60,70]",2020_September,0.01,Dry,1,42,0.285714285714286,moderate,"(60,65]","(60,70]","(60,80]",10.599999999999966,0.621523115288701,0.6089506173,1.64216928535226,16.31229745862898,-0.225,local
2020_September_ADFA_1.4_2,2020_September_ADFA_1.4,1.4,2,"2020_September_HP_ADFA_(60,70]",ADFA,HP,5.33,0,22,76,0.5,76,35,101,66,1,273.3,283.9,279.7,100,1.3686,1,2020_September,2020,September,0.324,0.5213,0.1973,St. Marys,60.89506173,60.89506173,"(60,70]",2020_September,0.01,Dry,1,42,0.285714285714286,moderate,"(60,65]","(60,70]","(60,80]",10.599999999999966,0.621523115288701,0.6089506173,1.64216928535226,16.31229745862898,-0.225,local
2020_September_ADFA_1.4_3,2020_September_ADFA_1.4,1.4,3,"2020_September_HP_ADFA_(60,70]",ADFA,HP,5.751,0,26,75,0.5,75,25,101,76,1,264.6,328.7,300.1,100,1.3716,1,2020_September,2020,September,0.2916,0.4742,0.1826,St. Marys,62.62002743,62.62002743,"(60,70]",2020_September,0.01,Dry,1,42,0.4,moderate,"(60,65]","(60,70]","(60,80]",64.09999999999997,0.61493040911008,0.6262002743,1.59693318729463,17.10570657702997,-0.225,local
2020_September_ADFA_1.4_7,2020_September_ADFA_1.4,1.4,7,"2020_September_HP_ADFA_(70,80]",ADFA,HP,3.502,0,20,135,0.5,135,8,116,108,1,261.9,264.3,261.1,100,1.598,1,2020_September,2020,September,0.2885,0.5059,0.2174,St. Marys,75.35528596,75.35528596,"(70,80]",2020_September,0.01,Dry,1,61,1.25,moderate,"(75,80]","(70,80]","(60,80]",2.400000000000034,0.570270804506819,0.7535528596,1.32704691812327,11.52415841518364,-0.225,local
2020_September_ADFA_1.5_1,2020_September_ADFA_1.5,1.5,1,"2020_September_HP_ADFA_(80,90]",ADFA,HP,0.136,0,27,8,57,65,28,202,117,1,284,394.2,289.1,NA,2.462,1,2020_September,2020,September,0.2965,0.5395,0.243,St. Marys,81.95615514,81.95615514,"(80,90]",2020_September,0.01,Dry,1,29,0.357142857142857,moderate,"(80,85]","(80,90]","(80,100]",110.2,0.549582947173309,0.8195615514,1.2201646090535,18.815720023271947,-0.136,local
2020_September_ADFA_1.5_7,2020_September_ADFA_1.5,1.5,7,"2020_September_HP_ADFA_(60,70]",ADFA,HP,4.49,0,20,98,0.5,98,11,89,78,1,256.8,251,245.6,NA,1.2832,1,2020_September,2020,September,0.3418,0.5683,0.2265,St. Marys,66.2668227,66.2668227,"(60,70]",2020_September,0.01,Dry,1,42,0.909090909090909,moderate,"(65,70]","(60,70]","(60,80]",-5.800000000000011,0.601442899876826,0.662668227,1.50905077262693,13.752071730911878,-0.136,local
2020_September_ADFA_1.5_7,2020_September_ADFA_1.5,1.5,7,"2020_September_HP_ADFA_(60,70]",ADFA,HP,4.49,0,20,98,0.5,98,11,89,78,1,256.8,251,245.6,NA,1.2832,1,2020_September,2020,September,0.3418,0.5683,0.2265,St. Marys,66.2668227,66.2668227,"(60,70]",2020_September,0.01,Dry,1,42,0.909090909090909,moderate,"(65,70]","(60,70]","(60,80]",-5.800000000000011,0.601442899876826,0.662668227,1.50905077262693,13.752071730911878,-0.136,local
2020_September_ADFA_1.6_1,2020_September_ADFA_1.6,1.6,1,"2020_September_HP_ADFA_(100,110]",ADFA,HP,0.316,0,15.5,35,61,96,15,135,59,1,303.6,333.5,302.4,100,1.6,1,2020_September,2020,September,0.2538,0.5258,0.272,St. Marys,107.1710008,107.1710008,"(100,110]",2020_September,0.01,Dry,1,60,0.666666666666667,hydrated,"(105,110]","(100,110]","(100,120]",29.899999999999977,0.482693039178395,1.071710008,0.933088235294118,13.169663720920395,-0.316,local
2020_September_ADFA_1.6_3,2020_September_ADFA_1.6,1.6,3,"2020_September_HP_ADFA_(60,70]",ADFA,HP,5.741,0,18,96,53,149,11,206,142,1,278.5,318.3,296,50,1.8453,1,2020_September,2020,September,0.3292,0.5376,0.2084,St. Marys,63.30498177,63.30498177,"(60,70]",2020_September,0.01,Dry,1,42,0.909090909090909,moderate,"(60,65]","(60,70]","(60,80]",39.80000000000001,0.61235119047619,0.6330498177,1.57965451055662,10.694188831479469,-0.316,local
2020_September_ADFA_1.6_4,2020_September_ADFA_1.6,1.6,4,"2020_September_HP_ADFA_(70,80]",ADFA,HP,3.996,0,21,50,15,65,24,145,106,1,263.9,311.4,297.3,NA,1.3616,1,2020_September,2020,September,0.3004,0.5198,0.2194,St. Marys,73.03595206,73.03595206,"(70,80]",2020_September,0.01,Dry,1,61,0.416666666666667,moderate,"(70,75]","(70,80]","(60,80]",47.5,0.577914582531743,0.7303595206,1.36918869644485,17.72968369623587,-0.316,local
2020_September_ADFA_1.6_6,2020_September_ADFA_1.6,1.6,6,"2020_September_HP_ADFA_(50,60]",ADFA,HP,6.912,0,25,64,51,115,13,161,97,1,258.4,300.15,255.3,50,1.6107,1,2020_September,2020,September,0.3416,0.5316,0.19,St. Marys,55.6206089,55.6206089,"(50,60]",2020_September,0.01,Dry,1,20,0.769230769230769,dry,"(55,60]","(50,60]","(40,60]",41.75,0.642588412340105,0.556206089,1.79789473684211,13.238655725341042,-0.316,local
2020_September_ADFA_1.6_6,2020_September_ADFA_1.6,1.6,6,"2020_September_HP_ADFA_(50,60]",ADFA,HP,6.912,0,25,64,51,115,13,161,97,1,258.4,300.15,255.3,50,1.6107,1,2020_September,2020,September,0.3416,0.5316,0.19,St. Marys,55.6206089,55.6206089,"(50,60]",2020_September,0.01,Dry,1,20,0.769230769230769,dry,"(55,60]","(50,60]","(40,60]",41.75,0.642588412340105,0.556206089,1.79789473684211,13.238655725341042,-0.316,local
2020_September_ADFA_2.1_1,2020_September_ADFA_2.1,2.1,1,"2020_September_HP_ADFA_(90,100]",ADFA,HP,0.319,0,29,19,127,146,24,270,119,1,302.7,345.3,310.4,NA,2.4873,1,2020_September,2020,September,0.2494,0.4859,0.2365,Painted Caves,94.82758621,94.82758621,"(90,100]",2020_September,0.01,Dry,1,56,0.416666666666667,hydrated,"(90,95]","(90,100]","(80,100]",42.60000000000002,0.513274336283186,0.9482758621,1.05454545454545,12.080100235000357,-0.319,local
2020_September_ADFA_2.1_2,2020_September_ADFA_2.1,2.1,2,"2020_September_HP_ADFA_(50,60]",ADFA,HP,7.86,0,23,85,0.5,85,6,118,112,1,270.4,297.7,271.9,100,1.5,1,2020_September,2020,September,0.3104,0.484,0.1736,Painted Caves,55.92783505,55.92783505,"(50,60]",2020_September,0.01,Dry,1,20,1.66666666666667,dry,"(55,60]","(50,60]","(40,60]",27.30000000000001,0.641322314049587,0.5592783505,1.78801843317972,15.425386200043972,-0.319,local
2020_September_ADFA_2.1_4,2020_September_ADFA_2.1,2.1,4,"2020_September_HP_ADFA_(90,100]",ADFA,HP,1.13,Temp probe turned off,24,94,0.5,94,17,86,69,1,256.5,300.15,302.6,NA,1.2584,1,2020_September,2020,September,0.2531,0.4841,0.231,Painted Caves,91.26827341,91.26827341,"(90,100]",2020_September,0.01,Dry,1,56,0.588235294117647,hydrated,"(90,95]","(90,100]","(80,100]",43.64999999999998,0.522825862425119,0.9126827341,1.095670995671,14.69380245317629,-0.319,local
2020_September_ADFA_2.1_5,2020_September_ADFA_2.1,2.1,5,"2020_September_HP_ADFA_(60,70]",ADFA,HP,5.068,0,24,99,10,109,10,129,109,1,259.5,325.4,300.2,NA,1.6817,1,2020_September,2020,September,0.3336,0.5588,0.2252,Painted Caves,67.5059952,67.5059952,"(60,70]",2020_September,0.01,Dry,1,42,1,moderate,"(65,70]","(60,70]","(60,80]",65.89999999999998,0.596993557623479,0.675059952,1.48134991119005,13.507013454332688,-0.319,local
2020_September_ADFA_2.1_6,2020_September_ADFA_2.1,2.1,6,"2020_September_HP_ADFA_(30,40]",ADFA,HP,9.016,0,27,59,0.5,59,19,100,81,1,251.5,300.15,289.1,NA,1.1469,1,2020_September,2020,September,0.3668,0.5069,0.1401,Painted Caves,38.19520174,38.19520174,"(30,40]",2020_September,0.01,Dry,1,56,0.526315789473684,dry,"(35,40]","(30,40]","(20,40]",48.64999999999998,0.723614125073979,0.3819520174,2.61812990720914,19.956066691349033,-0.319,local
2020_September_ADFA_2.2_2,2020_September_ADFA_2.2,2.2,2,"2020_September_HP_ADFA_(70,80]",ADFA,HP,0.873,0,25,85,0.5,85,14,100,86,1,263.9,328.1,302.7,NA,1.7564,1,2020_September,2020,September,0.2947,0.518,0.2233,Painted Caves,75.7719715,75.7719715,"(70,80]",2020_September,0.01,Dry,1,61,0.714285714285714,moderate,"(75,80]","(70,80]","(60,80]",64.20000000000005,0.568918918918919,0.757719715,1.31974921630094,15.733478384827803,-0.256,local
2020_September_ADFA_2.2_4,2020_September_ADFA_2.2,2.2,4,"2020_September_HP_ADFA_(60,70]",ADFA,HP,3.488,0,17,72,15,87,14,98,69,1,268.3,324.7,308.4,NA,0.9893,1,2020_September,2020,September,0.3487,0.5759,0.2272,Painted Caves,65.15629481,65.15629481,"(60,70]",2020_September,0.01,Dry,1,42,0.714285714285714,moderate,"(65,70]","(60,70]","(60,80]",56.39999999999998,0.605487063726341,0.6515629481,1.53477112676056,14.21670612435368,-0.256,local
2020_September_ADFA_2.2_7,2020_September_ADFA_2.2,2.2,7,"2020_September_HP_ADFA_(60,70]",ADFA,HP,4.973,0,12,38,52,90,5,124,67,1,249.4,238.7,238.5,NA,0.7205,1,2020_September,2020,September,0.2869,0.4828,0.1959,Painted Caves,68.28163123,68.28163123,"(60,70]",2020_September,0.01,Dry,1,42,2,moderate,"(65,70]","(60,70]","(60,80]",-10.700000000000015,0.594241922120961,0.6828163123,1.46452271567126,13.00766935470331,-0.256,local
2020_September_ADFA_2.3_2,2020_September_ADFA_2.3,2.3,2,"2020_September_HP_ADFA_(60,70]",ADFA,HP,0.746,0,21,59,19,78,24,111,68,1,294,296.7,291.4,NA,1.1064,1,2020_September,2020,September,0.2813,0.4623,0.181,Painted Caves,64.3441166,64.3441166,"(60,70]",2020_September,0.01,Dry,1,42,0.416666666666667,moderate,"(60,65]","(60,70]","(60,80]",2.6999999999999886,0.608479342418343,0.643441166,1.55414364640884,15.890324245859036,-0.106,local
2020_September_ADFA_2.3_5,2020_September_ADFA_2.3,2.3,5,"2020_September_HP_ADFA_(80,90]",ADFA,HP,2.087,0,23,77,20,97,29,133,84,1,251.8,331.9,247.8,NA,2.8367,1,2020_September,2020,September,0.2869,0.5366,0.2497,Painted Caves,87.03380969,87.03380969,"(80,90]",2020_September,0.01,Dry,1,29,0.344827586206897,moderate,"(85,90]","(80,90]","(80,100]",80.09999999999997,0.534662691017518,0.8703380969,1.14897877452944,14.286167683781043,-0.106,local
2020_September_ADFA_2.4_1,2020_September_ADFA_2.4,2.4,1,"2020_September_HP_ADFA_(100,110]",ADFA,HP,0.116,0,17,6,120,126,9,227,98,1,265.8,316.8,314,NA,2.5587,1,2020_September,2020,September,0.299,0.6217,0.3227,Painted Caves,107.9264214,107.9264214,"(100,110]",2020_September,0.01,Dry,1,60,1.11111111111111,hydrated,"(105,110]","(100,110]","(100,120]",51,0.480939359819849,1.079264214,0.926557173845677,11.536782762317785,-0.116,local
2020_September_ADFA_2.4_3,2020_September_ADFA_2.4,2.4,3,"2020_September_HP_ADFA_(70,80]",ADFA,HP,3.444,0,26,43,34,77,23,146,89,1,295.8,312.7,297.2,NA,2.5541,1,2020_September,2020,September,0.3605,0.6467,0.2862,Painted Caves,79.38973648,79.38973648,"(70,80]",2020_September,0.01,Dry,1,61,0.434782608695652,moderate,"(75,80]","(70,80]","(60,80]",16.899999999999977,0.557445492500387,0.7938973648,1.25960866526904,16.839189411286295,-0.116,local
2020_September_ADFA_2.4_4,2020_September_ADFA_2.4,2.4,4,"2020_September_HP_ADFA_(60,70]",ADFA,HP,6.166,0,26,80,9,89,13,129,107,1,284.7,307,295.2,NA,1.7187,1,2020_September,2020,September,0.3339,0.5422,0.2083,Painted Caves,62.38394729,62.38394729,"(60,70]",2020_September,0.01,Dry,1,42,0.769230769230769,moderate,"(60,65]","(60,70]","(60,80]",22.30000000000001,0.615824419033567,0.6238394729,1.6029764762362,15.460652347094864,-0.116,local
2020_September_ADFA_2.4_5,2020_September_ADFA_2.4,2.4,5,"2020_September_HP_ADFA_(90,100]",ADFA,HP,1.059,Glowed past end of video ; Temp probes turned off,33,125,0.5,125,19,29,10,1,265.4,300.15,289.1,20,2.3566,1,2020_September,2020,September,0.3007,0.575,0.2743,Painted Caves,91.22048553,91.22048553,"(90,100]",2020_September,0.01,Dry,1,56,0.526315789473684,hydrated,"(90,95]","(90,100]","(80,100]",34.75,0.522956521739131,0.9122048553,1.09624498724025,13.538522680117484,-0.116,local
2020_September_ADFA_2.5_1,2020_September_ADFA_2.5,2.5,1,"2020_September_HP_ADFA_(90,100]",ADFA,HP,0.151,0,23,68,72,140,9,227,146,1,267,351.9,308.3,100,3.0939,1,2020_September,2020,September,0.2532,0.4943,0.2411,Painted Caves,95.22116904,95.22116904,"(90,100]",2020_September,0.01,Dry,1,56,1.11111111111111,hydrated,"(95,100]","(90,100]","(80,100]",84.89999999999998,0.512239530649403,0.9522116904,1.05018664454583,11.676236738736064,-0.151,local
2020_September_ADFA_2.5_10,2020_September_ADFA_2.5,2.5,10,"2020_September_HP_ADFA_(50,60]",ADFA,HP,8.821,0,23,108,9,117,10,143,124,1,254.4,260.9,252.2,NA,0.9393,1,2020_September,2020,September,0.381,0.5802,0.1992,Painted Caves,52.28346457,52.28346457,"(50,60]",2020_September,0.01,Dry,1,20,1,dry,"(50,55]","(50,60]","(40,60]",6.499999999999972,0.656670113753878,0.5228346457,1.91265060240964,12.856646379590115,-0.151,local
2020_September_ADFA_2.5_2,2020_September_ADFA_2.5,2.5,2,"2020_September_HP_ADFA_(80,90]",ADFA,HP,2.04,flam. Wt. approx,22,80,0.5,80,14,61,47,1,298.2,316.5,288.8,50,2,1,2020_September,2020,September,0.2744,0.495,0.2206,Painted Caves,80.39358601,80.39358601,"(80,90]",2020_September,0.01,Dry,1,29,0.714285714285714,moderate,"(80,85]","(80,90]","(80,100]",18.30000000000001,0.554343434343434,0.8039358601,1.24388032638259,15.822168409173065,-0.151,local
2020_September_ADFA_2.5_4,2020_September_ADFA_2.5,2.5,4,"2020_September_HP_ADFA_(70,80]",ADFA,HP,3.549,0,18,66,65,131,13,140,62,1,252.4,300.1,293.9,NA,1.3324,1,2020_September,2020,September,0.2627,0.4468,0.1841,Painted Caves,70.07993909,70.07993909,"(70,80]",2020_September,0.01,Dry,1,61,0.769230769230769,moderate,"(70,75]","(70,80]","(60,80]",47.70000000000002,0.587958818263205,0.7007993909,1.42694187941336,11.438812570775037,-0.151,local
2020_September_ADFA_2.5_5,2020_September_ADFA_2.5,2.5,5,"2020_September_HP_ADFA_(80,90]",ADFA,HP,1.16,0,25,79,0.5,79,33,92,59,1,251.9,286.4,277.7,NA,1.1196,1,2020_September,2020,September,0.2827,0.5281,0.2454,Painted Caves,86.8058012,86.8058012,"(80,90]",2020_September,0.01,Dry,1,29,0.303030303030303,moderate,"(85,90]","(80,90]","(80,100]",34.49999999999997,0.535315281196743,0.868058012,1.1519967400163,16.428756830914274,-0.151,local
2020_September_ADFA_2.5_7,2020_September_ADFA_2.5,2.5,7,"2020_September_HP_ADFA_(60,70]",ADFA,HP,4.878,0,19,91,0.5,91,9,87,78,1,240,240,234.5,50,0.8633,1,2020_September,2020,September,0.3248,0.5298,0.205,Painted Caves,63.11576355,63.11576355,"(60,70]",2020_September,0.01,Dry,1,42,1.11111111111111,moderate,"(60,65]","(60,70]","(60,80]",0,0.613061532653832,0.6311576355,1.58439024390244,14.18872632170858,-0.151,local
2020_September_ADFA_2.6_7,2020_September_ADFA_2.6,2.6,7,"2020_September_HP_ADFA_(70,80]",ADFA,HP,4.28,0,22,118,0.5,118,10,101,91,1,234.8,293.2,259,NA,1.8029,1,2020_September,2020,September,0.2696,0.4738,0.2042,Painted Caves,75.74183976,75.74183976,"(70,80]",2020_September,0.01,Dry,1,61,1,moderate,"(75,80]","(70,80]","(60,80]",58.39999999999998,0.569016462642465,0.7574183976,1.32027424094025,12.664497923885236,-0.089,local
2020_September_ADFA_2.6_9,2020_September_ADFA_2.6,2.6,9,"2020_September_HP_ADFA_(70,80]",ADFA,HP,5.779,Glowed past end of video,30.5,176,32,NA,28,158,98,1,229.9,264.7,245.5,NA,2.6022,1,2020_September,2020,September,0.3165,0.5595,0.243,Painted Caves,76.77725118,76.77725118,"(70,80]",2020_September,0.01,Dry,1,61,0.357142857142857,moderate,"(75,80]","(70,80]","(60,80]",34.79999999999998,0.565683646112601,0.7677725118,1.30246913580247,NA,-0.089,local
2020_September_CEME_1.2_1,2020_September_CEME_1.2,1.2,1,"2020_September_HP_CEME_(70,80]",CEME,HP,1.88,0,22,81,48,129,13,224,163,1,265.4,320.9,315.6,100,1.93,1,2020_September,2020,September,0.3114,0.534,0.2226,St. Marys,71.48362235,71.48362235,"(70,80]",2020_September,0.01,Dry,1,18,0.769230769230769,moderate,"(70,75]","(70,80]","(60,80]",55.5,0.58314606741573,0.7148362235,1.3989218328841,12.066965895099598,-0.394,local
2020_September_CEME_1.2_2,2020_September_CEME_1.2,1.2,2,"2020_September_HP_CEME_(80,90]",CEME,HP,1.089,0,17,73,42,115,17,160,101,1,274.3,320.5,315.5,100,1.8135,1,2020_September,2020,September,0.2818,0.5115,0.2297,St. Marys,81.51171043,81.51171043,"(80,90]",2020_September,0.01,Dry,1,50,0.588235294117647,moderate,"(80,85]","(80,90]","(80,100]",46.19999999999999,0.550928641251222,0.8151171043,1.22681758815847,12.126662323855903,-0.394,local
2020_September_CEME_1.4_1,2020_September_CEME_1.4,1.4,1,"2020_September_HP_CEME_(100,110]",CEME,HP,0.192,0,17,38,48,86,19,164,97,1,274.7,311.4,304.5,100,1.9752,1,2020_September,2020,September,0.2367,0.4892,0.2525,St. Marys,106.6751162,106.6751162,"(100,110]",2020_September,0.01,Dry,1,38,0.526315789473684,hydrated,"(105,110]","(100,110]","(100,120]",36.69999999999999,0.483851185609158,1.066751162,0.937425742574257,14.31332707597205,-0.192,local
2020_September_CEME_1.4_3,2020_September_CEME_1.4,1.4,3,"2020_September_HP_CEME_(70,80]",CEME,HP,3.17,0,18,112,47,159,15,201,139,1,258.4,320.4,313.5,100,2.5259,1,2020_September,2020,September,0.2864,0.5092,0.2228,St. Marys,77.79329609,77.79329609,"(70,80]",2020_September,0.01,Dry,1,18,0.666666666666667,moderate,"(75,80]","(70,80]","(60,80]",62,0.562450903377848,0.7779329609,1.28545780969479,10.348048544505334,-0.192,local
2020_September_CEME_1.6_1,2020_September_CEME_1.6,1.6,1,"2020_September_HP_CEME_(90,100]",CEME,HP,0.491,0,14,84,40,124,8,177,129,1,299.4,333.6,322.7,100,1.681,1,2020_September,2020,September,0.2695,0.5355,0.266,St. Marys,98.7012987,98.7012987,"(90,100]",2020_September,0.01,Dry,1,38,1.25,hydrated,"(95,100]","(90,100]","(80,100]",34.200000000000045,0.503267973856209,0.987012987,1.01315789473684,11.182234137066729,-0.491,local
2020_September_CEME_1.6_3,2020_September_CEME_1.6,1.6,3,"2020_September_HP_CEME_(100,110]",CEME,HP,0.909,0,27,37,43,80,25,219,151,1,252.5,292.4,278,100,2.371,1,2020_September,2020,September,0.2754,0.551,0.2756,St. Marys,100.0726216,100.0726216,"(100,110]",2020_September,0.01,Dry,1,38,0.4,hydrated,"(100,105]","(100,110]","(100,120]",39.89999999999998,0.499818511796733,1.000726216,0.999274310595065,16.61207713766352,-0.491,local
2020_September_CEME_1.6_9,2020_September_CEME_1.6,1.6,9,"2020_September_HP_CEME_(50,60]",CEME,HP,8.667,0,22,58,0.5,58,25,266,129,1,257.1,287.9,275.1,100,1.6974,1,2020_September,2020,September,0.3913,0.5964,0.2051,St. Marys,52.41502683,52.41502683,"(50,60]",2020_September,0.01,Dry,1,33,0.4,dry,"(50,55]","(50,60]","(40,60]",30.799999999999955,0.656103286384977,0.5241502683,1.90784982935154,19.206144505948487,-0.491,local
2020_September_CEME_2.1_2,2020_September_CEME_2.1,2.1,2,"2020_September_HP_CEME_(100,110]",CEME,HP,1.082,0,24,80,40,120,6,219,173,1,280.3,336,307.8,100,1.6307,1,2020_September,2020,September,0.239,0.4841,0.2451,Painted Caves,102.5523013,102.5523013,"(100,110]",2020_September,0.01,Dry,1,38,1.66666666666667,hydrated,"(100,105]","(100,110]","(100,120]",55.69999999999999,0.493699648832886,1.025523013,0.975112199102407,12.807479712372794,-0.641,local
2020_September_CEME_2.2_1,2020_September_CEME_2.2,2.2,1,"2020_September_HP_CEME_(100,110]",CEME,HP,0.226,0,23,106,0.5,106,11,149,138,1,275.8,315.4,306.8,100,2.6981,1,2020_September,2020,September,0.2717,0.5616,0.2899,Painted Caves,106.6985646,106.6985646,"(100,110]",2020_September,0.01,Dry,1,38,0.909090909090909,hydrated,"(105,110]","(100,110]","(100,120]",39.599999999999966,0.483796296296296,1.066985646,0.937219730941704,13.583168915833983,-0.226,local
